DATE,TIME,UTC_OFFSET,ID,LAT,LON,SPEED,HEADING,GPS_ALT,BOOMSTATE,SATELLITES,PDOP,TARGETRATE,ACTUALRATE,WIDTH,OVERLAP,DIST_OFFL,AUTOBOOMS,INWORKAREA
10/31/2023,13:42:45,-07:00,TM52919:21106,57.8383,-121.89,0.1,238.8,702,0,19,1.3,0,0,17,3,0,0,0
10/31/2023,13:42:45,-07:00,TM52919:21106,57.8383,-121.89,0,238.8,702,0,18,1.3,0,0,17,3,0,0,0
10/31/2023,13:43:42,-07:00,TM52919:21106,57.8383,-121.89,1.5,238.8,705,0,18,1.3,0,0,17,3,0,0,0
10/31/2023,13:43:44,-07:00,TM52919:21106,57.8383,-121.89,2.6,238.8,706,0,18,1.3,0,0,17,3,0,0,0
10/31/2023,13:43:45,-07:00,TM52919:21106,57.8383,-121.89,3.4,106.8,707,0,19,1.2,0,0,17,3,0,0,0
10/31/2023,13:43:46,-07:00,TM52919:21106,57.8383,-121.89,4.1,99.6,707,0,18,1.3,0,0,17,3,0,0,0
10/31/2023,13:43:47,-07:00,TM52919:21106,57.8383,-121.89,5.2,96.7,708,0,18,1.3,0,0,17,3,0,0,0
10/31/2023,13:43:48,-07:00,TM52919:21106,57.8383,-121.89,6,94.3,708,0,18,1.3,0,0,17,3,0,0,0
10/31/2023,13:43:49,-07:00,TM52919:21106,57.8383,-121.89,6.6,92.4,708,0,18,1.3,0,0,17,3,0,0,0
10/31/2023,13:43:50,-07:00,TM52919:21106,57.8383,-121.89,7.2,92.3,709,0,18,1.3,0,0,17,3,0,0,0
10/31/2023,13:43:51,-07:00,TM52919:21106,57.8383,-121.89,8,91.1,709,0,18,1.3,0,0,17,3,0,0,0
10/31/2023,13:43:52,-07:00,TM52919:21106,57.8383,-121.89,8.8,90.4,710,0,18,1.3,0,0,17,3,0,0,0
10/31/2023,13:43:54,-07:00,TM52919:21106,57.8383,-121.89,10.6,89.3,711,0,18,1.3,0,0,17,3,0,0,0
10/31/2023,13:43:55,-07:00,TM52919:21106,57.8383,-121.89,12.2,85.8,714,0,18,1.3,0,0,17,3,0,0,0
10/31/2023,13:43:56,-07:00,TM52919:21106,57.8383,-121.889,13.9,84.1,716,0,18,1.3,0,0,17,3,0,0,0
10/31/2023,13:43:58,-07:00,TM52919:21106,57.8383,-121.889,16.3,82.2,717,0,18,1.3,0,0,17,3,0,0,0
10/31/2023,13:43:58,-07:00,TM52919:21106,57.8383,-121.889,17.1,82.2,717,0,18,1.3,0,0,17,3,0,0,0
10/31/2023,13:43:59,-07:00,TM52919:21106,57.8383,-121.889,20.1,83.8,721,0,19,1.2,0,0,17,3,0,0,0
10/31/2023,13:44:00,-07:00,TM52919:21106,57.8383,-121.889,22,85.7,723,0,19,1.2,0,0,17,3,0,0,0
10/31/2023,13:44:02,-07:00,TM52919:21106,57.8383,-121.889,24.6,89.8,725,0,19,1.2,0,0,17,3,0,0,0
10/31/2023,13:44:02,-07:00,TM52919:21106,57.8383,-121.889,25.1,90.7,725,0,19,1.2,0,0,17,3,0,0,0
10/31/2023,13:44:03,-07:00,TM52919:21106,57.8383,-121.888,28,94.6,727,0,19,1.2,0,0,17,3,0,0,0
10/31/2023,13:44:04,-07:00,TM52919:21106,57.8383,-121.888,30.3,97.4,729,0,19,1.2,0,0,17,3,0,0,0
10/31/2023,13:44:05,-07:00,TM52919:21106,57.8383,-121.888,32.4,100.8,731,0,19,1.2,0,0,17,3,0,0,0
10/31/2023,13:44:05,-07:00,TM52919:21106,57.8383,-121.888,33.2,102.5,734,0,19,1.2,0,0,17,3,0,0,0
10/31/2023,13:44:07,-07:00,TM52919:21106,57.8382,-121.887,35,108,736,0,19,1.2,0,0,17,3,0,0,0
10/31/2023,13:44:08,-07:00,TM52919:21106,57.8382,-121.887,35.9,113.2,739,0,19,1.2,0,0,17,3,0,0,0
10/31/2023,13:44:08,-07:00,TM52919:21106,57.8381,-121.887,36.1,114.3,739,0,19,1.2,0,0,17,3,0,0,0
10/31/2023,13:44:09,-07:00,TM52919:21106,57.838,-121.887,36.7,121.8,742,0,19,1.2,0,0,17,3,0,0,0
10/31/2023,13:44:10,-07:00,TM52919:21106,57.838,-121.886,37,125.9,746,0,19,1.2,0,0,17,3,0,0,0
10/31/2023,13:44:11,-07:00,TM52919:21106,57.8378,-121.886,37.9,135.2,749,0,19,1.2,0,0,17,3,0,0,0
10/31/2023,13:44:11,-07:00,TM52919:21106,57.8377,-121.886,38.5,139.7,752,0,19,1.2,0,0,17,3,0,0,0
10/31/2023,13:44:12,-07:00,TM52919:21106,57.8376,-121.886,39.7,146.7,755,0,19,1.2,0,0,17,3,0,0,0
10/31/2023,13:44:13,-07:00,TM52919:21106,57.8375,-121.886,40.6,152.3,755,0,19,1.2,0,0,17,3,0,0,0
10/31/2023,13:44:14,-07:00,TM52919:21106,57.8373,-121.886,42.2,159.3,757,0,19,1.2,0,0,17,3,0,0,0
10/31/2023,13:44:15,-07:00,TM52919:21106,57.8371,-121.885,43.3,164.9,759,0,19,1.2,0,0,17,3,0,0,0
10/31/2023,13:44:16,-07:00,TM52919:21106,57.8369,-121.885,44.4,172.5,761,0,19,1.2,0,0,17,3,0,0,0
10/31/2023,13:44:17,-07:00,TM52919:21106,57.8368,-121.885,45,176.2,762,0,19,1.2,0,0,17,3,0,0,0
10/31/2023,13:44:18,-07:00,TM52919:21106,57.8365,-121.885,45.9,181.6,764,0,19,1.2,0,0,17,3,0,0,0
10/31/2023,13:44:19,-07:00,TM52919:21106,57.8363,-121.885,46.8,186,766,0,19,1.2,0,0,17,3,0,0,0
10/31/2023,13:44:19,-07:00,TM52919:21106,57.8363,-121.885,46.9,187,766,0,19,1.2,0,0,17,3,0,0,0
10/31/2023,13:44:20,-07:00,TM52919:21106,57.836,-121.886,47.1,192.6,767,0,19,1.2,0,0,17,3,0,0,0
10/31/2023,13:44:21,-07:00,TM52919:21106,57.8359,-121.886,46.9,196.4,769,0,19,1.2,0,0,17,3,0,0,0
10/31/2023,13:44:22,-07:00,TM52919:21106,57.8356,-121.886,46.2,201.2,771,0,19,1.2,0,0,17,3,0,0,0
10/31/2023,13:44:23,-07:00,TM52919:21106,57.8354,-121.886,46,205.1,774,0,19,1.2,0,0,17,3,0,0,0
10/31/2023,13:44:23,-07:00,TM52919:21106,57.8354,-121.886,46.1,206.1,776,0,19,1.2,0,0,17,3,0,0,0
10/31/2023,13:44:24,-07:00,TM52919:21106,57.8352,-121.886,46.6,212.1,778,0,19,1.2,0,0,17,3,0,0,0
10/31/2023,13:44:25,-07:00,TM52919:21106,57.8351,-121.886,46.7,217.2,778,0,19,1.2,0,0,17,3,0,0,0
10/31/2023,13:44:26,-07:00,TM52919:21106,57.8349,-121.887,46.9,223.2,780,0,19,1.2,0,0,17,3,0,0,0
10/31/2023,13:44:27,-07:00,TM52919:21106,57.8348,-121.887,47.4,227.8,782,0,19,1.2,0,0,17,3,0,0,0
10/31/2023,13:44:28,-07:00,TM52919:21106,57.8347,-121.887,48.1,232.6,784,0,19,1.2,0,0,17,3,0,0,0
10/31/2023,13:44:29,-07:00,TM52919:21106,57.8345,-121.888,48.6,236.2,785,0,19,1.2,0,0,17,3,0,0,0
10/31/2023,13:44:29,-07:00,TM52919:21106,57.8345,-121.888,48.7,236.5,787,0,19,1.2,0,0,17,3,0,0,0
10/31/2023,13:44:30,-07:00,TM52919:21106,57.8344,-121.888,48.9,237.4,789,0,19,1.2,0,0,17,3,0,0,0
10/31/2023,13:44:31,-07:00,TM52919:21106,57.8342,-121.888,49.3,237.7,791,0,19,1.2,0,0,17,3,0,0,0
10/31/2023,13:44:32,-07:00,TM52919:21106,57.8341,-121.889,49.5,237.9,792,0,19,1.2,0,0,17,3,0,0,0
10/31/2023,13:44:33,-07:00,TM52919:21106,57.834,-121.889,49.7,238.7,794,0,19,1.2,0,0,17,3,0,0,0
10/31/2023,13:44:34,-07:00,TM52919:21106,57.8339,-121.89,49.7,240.4,796,0,19,1.2,0,0,17,3,0,0,0
10/31/2023,13:44:35,-07:00,TM52919:21106,57.8338,-121.89,49.7,242.2,796,0,19,1.2,0,0,17,3,0,0,0
10/31/2023,13:44:36,-07:00,TM52919:21106,57.8337,-121.89,49.5,245.6,800,0,19,1.2,0,0,17,3,0,0,0
10/31/2023,13:44:37,-07:00,TM52919:21106,57.8336,-121.891,49.8,249.1,802,0,19,1.2,0,0,17,3,0,0,0
10/31/2023,13:44:38,-07:00,TM52919:21106,57.8336,-121.891,49.9,249.8,802,0,19,1.2,0,0,17,3,0,0,0
10/31/2023,13:44:38,-07:00,TM52919:21106,57.8336,-121.891,50.2,251.3,802,0,19,1.2,0,0,17,3,0,0,0
10/31/2023,13:44:46,-07:00,TM52919:21106,57.8333,-121.895,51,268.4,811,0,19,1.2,0,0,17,3,0,0,0
10/31/2023,13:44:47,-07:00,TM52919:21106,57.8333,-121.895,51,270.4,813,0,19,1.2,0,0,17,3,0,0,0
10/31/2023,13:44:48,-07:00,TM52919:21106,57.8333,-121.895,51.1,271.9,814,0,19,1.2,0,0,17,3,0,0,0
10/31/2023,13:44:49,-07:00,TM52919:21106,57.8333,-121.896,51.2,272.9,815,0,19,1.2,0,0,17,3,0,0,0
10/31/2023,13:44:49,-07:00,TM52919:21106,57.8333,-121.896,51.3,273.3,816,0,19,1.2,0,0,17,3,0,0,0
10/31/2023,13:44:51,-07:00,TM52919:21106,57.8333,-121.897,51.8,274.4,816,0,19,1.2,0,0,17,3,0,0,0
10/31/2023,13:44:52,-07:00,TM52919:21106,57.8334,-121.897,52.3,275,817,0,19,1.2,0,0,17,3,0,0,0
10/31/2023,13:44:53,-07:00,TM52919:21106,57.8334,-121.897,52.5,276.2,817,0,19,1.2,0,0,17,3,0,0,0
10/31/2023,13:44:53,-07:00,TM52919:21106,57.8334,-121.898,52.4,277.8,817,0,19,1.2,0,0,17,3,0,0,0
10/31/2023,13:44:54,-07:00,TM52919:21106,57.8335,-121.898,52.1,279.3,818,0,19,1.2,0,0,17,3,0,0,0
10/31/2023,13:44:55,-07:00,TM52919:21106,57.8335,-121.899,51.7,280.4,820,0,19,1.2,0,0,17,3,0,0,0
10/31/2023,13:44:56,-07:00,TM52919:21106,57.8336,-121.899,51.3,281.2,821,0,19,1.2,0,0,17,3,0,0,0
10/31/2023,13:44:57,-07:00,TM52919:21106,57.8336,-121.9,51,281.7,822,0,19,1.2,0,0,17,3,0,0,0
10/31/2023,13:44:58,-07:00,TM52919:21106,57.8336,-121.9,51,281.8,822,0,19,1.2,0,0,17,3,0,0,0
10/31/2023,13:44:59,-07:00,TM52919:21106,57.8337,-121.9,51.3,282,823,0,19,1.2,0,0,17,3,0,0,0
10/31/2023,14:14:32,-07:00,TM52919:21106,57.7093,-122.878,69.2,252.9,1037,0,18,1.1,0,0,17,3,0,0,0
10/31/2023,14:14:33,-07:00,TM52919:21106,57.7092,-122.878,69.1,253.2,1034,0,18,1.1,0,0,17,3,0,0,0
10/31/2023,14:14:34,-07:00,TM52919:21106,57.7091,-122.879,69,253.1,1031,0,18,1.1,0,0,17,3,0,0,0
10/31/2023,14:14:35,-07:00,TM52919:21106,57.7091,-122.879,69.3,252.8,1028,0,18,1.1,0,0,17,3,0,0,0
10/31/2023,14:14:36,-07:00,TM52919:21106,57.709,-122.88,69.6,252,1024,0,18,1.1,0,0,17,3,0,0,0
10/31/2023,14:14:36,-07:00,TM52919:21106,57.7089,-122.88,70,251.6,1019,0,18,1.1,0,0,17,3,0,0,0
10/31/2023,14:14:37,-07:00,TM52919:21106,57.7089,-122.88,70.2,251.5,1019,0,18,1.1,0,0,17,3,0,0,1
10/31/2023,14:14:38,-07:00,TM52919:21106,57.7088,-122.881,70.6,251.4,1014,0,18,1.1,0,0,17,3,0,0,1
10/31/2023,14:14:39,-07:00,TM52919:21106,57.7087,-122.881,70.6,251.4,1009,0,18,1.1,0,0,17,3,0,0,1
10/31/2023,14:14:39,-07:00,TM52919:21106,57.7086,-122.882,70.5,251.3,1009,0,18,1.1,0,0,17,3,0,0,1
10/31/2023,14:14:40,-07:00,TM52919:21106,57.7085,-122.882,70.3,251.5,1005,0,18,1.1,0,0,17,3,0,0,1
10/31/2023,14:14:41,-07:00,TM52919:21106,57.7084,-122.883,70.2,251.8,1002,0,18,1.1,0,0,17,3,0,0,1
10/31/2023,14:14:42,-07:00,TM52919:21106,57.7084,-122.883,70.1,251.7,999,0,18,1.1,0,0,17,3,0,0,1
10/31/2023,14:14:42,-07:00,TM52919:21106,57.7083,-122.883,70.1,251.7,999,0,18,1.1,0,0,17,3,0,0,0
10/31/2023,14:14:43,-07:00,TM52919:21106,57.7082,-122.884,69.8,251.1,997,0,18,1.1,0,0,17,3,0,0,0
10/31/2023,14:14:44,-07:00,TM52919:21106,57.7081,-122.884,69.4,250.6,994,0,18,1.1,0,0,17,3,0,0,0
10/31/2023,14:14:45,-07:00,TM52919:21106,57.708,-122.885,69.9,250.3,991,0,18,1.1,0,0,17,3,0,0,0
10/31/2023,14:14:46,-07:00,TM52919:21106,57.7079,-122.886,70.8,250.4,985,0,18,1.1,0,0,17,3,0,0,0
10/31/2023,14:14:47,-07:00,TM52919:21106,57.7078,-122.886,71.2,250.6,979,0,18,1.1,0,0,17,3,0,0,0
10/31/2023,14:14:48,-07:00,TM52919:21106,57.7077,-122.887,70.8,250.8,974,0,18,1.1,0,0,17,3,0,0,0
10/31/2023,14:14:49,-07:00,TM52919:21106,57.7076,-122.887,69.8,251.1,971,0,18,1.1,0,0,17,3,0,0,0
10/31/2023,14:14:50,-07:00,TM52919:21106,57.7075,-122.888,68.8,251.5,969,0,18,1.1,0,0,17,3,0,0,0
10/31/2023,14:53:47,-07:00,TM52919:21106,57.7107,-122.885,51.5,133,950,0,18,1,0,0,18,3,0,0,0
10/31/2023,14:53:48,-07:00,TM52919:21106,57.7105,-122.885,51.1,131.1,950,0,18,1,0,0,18,3,0,0,0
10/31/2023,14:53:49,-07:00,TM52919:21106,57.7104,-122.885,50.9,130.2,950,0,18,1,0,0,18,3,0,0,0
10/31/2023,14:53:49,-07:00,TM52919:21106,57.7103,-122.885,50.8,130.2,950,0,18,1,0,0,18,3,0,0,0
10/31/2023,14:53:50,-07:00,TM52919:21106,57.7102,-122.884,51.2,130.9,949,0,18,1,0,0,18,3,0,0,0
10/31/2023,14:53:51,-07:00,TM52919:21106,57.71,-122.884,51.9,132.8,949,0,18,1,0,0,18,3,0,0,0
10/31/2023,14:53:52,-07:00,TM52919:21106,57.7099,-122.884,52.5,135,947,0,18,1,0,0,18,3,0,0,0
10/31/2023,14:53:53,-07:00,TM52919:21106,57.7098,-122.884,52.7,135.5,947,0,18,1,0,0,18,3,0,0,0
10/31/2023,14:53:54,-07:00,TM52919:21106,57.7096,-122.883,52.9,138.5,945,0,18,1,0,0,18,3,0,0,0
10/31/2023,14:53:54,-07:00,TM52919:21106,57.7095,-122.883,52.7,140.1,945,0,18,1,0,0,18,3,0,0,0
10/31/2023,14:53:55,-07:00,TM52919:21106,57.7094,-122.883,52.6,140.6,945,0,18,1,0,0,18,3,0,0,1
10/31/2023,14:53:55,-07:00,TM52919:21106,57.7093,-122.883,52.3,142.2,944,0,18,1,0,0,18,3,0,0,1
10/31/2023,14:53:56,-07:00,TM52919:21106,57.7091,-122.883,52,144.8,944,0,18,1,0,0,18,3,0,0,1
10/31/2023,14:53:57,-07:00,TM52919:21106,57.7089,-122.882,52,146.8,944,0,18,1,0,0,18,3,0,0,1
10/31/2023,14:53:58,-07:00,TM52919:21106,57.7088,-122.882,52.3,148.1,944,0,18,1,0,0,18,3,0,0,1
10/31/2023,14:53:59,-07:00,TM52919:21106,57.7086,-122.882,52.8,149.2,943,0,19,1,0,0,18,3,0,0,1
10/31/2023,14:54:00,-07:00,TM52919:21106,57.7084,-122.882,53,150.2,942,0,18,1,0,0,18,3,0,0,1
10/31/2023,14:54:00,-07:00,TM52919:21106,57.7083,-122.882,53,150.4,942,0,18,1,0,0,18,3,0,0,1
10/31/2023,14:54:00,-07:00,TM52919:21106,57.7083,-122.882,53,150.7,942,0,18,1,0,0,18,3,0,0,0
10/31/2023,14:54:01,-07:00,TM52919:21106,57.7082,-122.881,53,150.9,942,0,18,1,0,0,18,3,0,0,0
10/31/2023,14:54:01,-07:00,TM52919:21106,57.7082,-122.881,53,151.2,941,0,18,1,0,0,18,3,0,0,1
10/31/2023,14:54:02,-07:00,TM52919:21106,57.708,-122.881,53,152.8,940,0,18,1,0,0,18,3,0,0,1
10/31/2023,14:54:02,-07:00,TM52919:21106,57.7079,-122.881,53.1,153.1,940,0,18,1,0,0,18,3,0,0,1
10/31/2023,14:54:03,-07:00,TM52919:21106,57.7077,-122.881,52.6,154.5,940,0,18,1,0,0,18,3,0,0,1
10/31/2023,14:54:04,-07:00,TM52919:21106,57.7075,-122.881,52.3,155.1,941,0,18,1,0,0,18,3,0,0,1
10/31/2023,14:54:05,-07:00,TM52919:21106,57.7073,-122.881,52.2,154.5,940,0,18,1,0,0,18,3,0,0,1
10/31/2023,14:54:05,-07:00,TM52919:21106,57.7073,-122.881,52.1,154.2,940,0,18,1,0,0,18,3,0,0,0
10/31/2023,14:54:06,-07:00,TM52919:21106,57.707,-122.88,51,150.5,940,0,18,1,0,0,18,3,0,0,0
10/31/2023,14:54:07,-07:00,TM52919:21106,57.7069,-122.88,49.2,145.7,940,0,18,1,0,0,18,3,0,0,0
10/31/2023,14:54:08,-07:00,TM52919:21106,57.7067,-122.88,45.6,136.6,942,0,18,1,0,0,18,3,0,0,0
10/31/2023,14:54:08,-07:00,TM52919:21106,57.7067,-122.88,43.8,131.4,942,0,18,1,0,0,18,3,0,0,0
10/31/2023,14:54:09,-07:00,TM52919:21106,57.7066,-122.879,38.7,115.3,945,0,19,1,0,0,18,3,0,0,0
10/31/2023,14:54:10,-07:00,TM52919:21106,57.7066,-122.879,37.7,111.6,945,0,19,1,0,0,18,3,0,0,0
10/31/2023,14:54:11,-07:00,TM52919:21106,57.7066,-122.879,33.6,87.2,952,0,19,1,0,0,18,3,0,0,0
10/31/2023,14:54:11,-07:00,TM52919:21106,57.7066,-122.879,32.7,78.7,952,0,19,1,0,0,18,3,0,0,0
10/31/2023,14:54:12,-07:00,TM52919:21106,57.7067,-122.879,31.4,52,954,0,18,1.1,0,0,18,3,0,0,0
10/31/2023,14:54:13,-07:00,TM52919:21106,57.7067,-122.879,31.4,47.6,954,0,18,1.1,0,0,18,3,0,0,0
10/31/2023,14:54:14,-07:00,TM52919:21106,57.7069,-122.879,32.5,24.5,956,0,18,1,0,0,18,3,0,0,0
10/31/2023,14:54:14,-07:00,TM52919:21106,57.7069,-122.878,33.2,17.4,956,0,18,1,0,0,18,3,0,0,0
10/31/2023,14:54:15,-07:00,TM52919:21106,57.7071,-122.878,35.7,359.2,955,0,18,1.1,0,0,18,3,0,0,0
10/31/2023,14:54:16,-07:00,TM52919:21106,57.7072,-122.878,36.8,354.3,953,0,19,1,0,0,18,3,0,0,0
10/31/2023,14:54:17,-07:00,TM52919:21106,57.7074,-122.879,39.6,342.1,951,0,19,1,0,0,18,3,0,0,0
10/31/2023,14:54:18,-07:00,TM52919:21106,57.7075,-122.879,40.8,337.6,951,0,19,1,0,0,18,3,0,0,0
10/31/2023,14:54:19,-07:00,TM52919:21106,57.7077,-122.879,42.3,332.9,949,0,19,1,0,0,18,3,0,0,0
10/31/2023,14:54:20,-07:00,TM52919:21106,57.7079,-122.879,43.8,331.3,948,0,19,1,0,0,18,3,0,0,0
10/31/2023,14:54:21,-07:00,TM52919:21106,57.708,-122.879,44.9,330.8,947,0,18,1,0,0,18,3,0,0,0
10/31/2023,14:54:21,-07:00,TM52919:21106,57.7081,-122.879,45.3,330.5,947,0,18,1.1,0,0,18,3,0,0,0
10/31/2023,14:54:22,-07:00,TM52919:21106,57.7083,-122.88,46,330.1,947,0,18,1,0,0,18,3,0,0,0
10/31/2023,14:54:23,-07:00,TM52919:21106,57.7085,-122.88,46.3,330,947,0,18,1,0,0,18,3,0,0,0
10/31/2023,14:54:24,-07:00,TM52919:21106,57.7087,-122.88,46.8,330.7,947,0,18,1,0,0,18,3,0,0,0
10/31/2023,14:54:25,-07:00,TM52919:21106,57.7089,-122.88,47.1,330.9,947,0,18,1,0,0,18,3,0,0,0
10/31/2023,14:54:25,-07:00,TM52919:21106,57.7089,-122.88,47.2,330.9,947,0,18,1,0,0,18,3,0,0,0
10/31/2023,14:54:26,-07:00,TM52919:21106,57.709,-122.88,47.2,330.9,947,0,18,1,0,0,18,3,0,0,1
10/31/2023,14:54:26,-07:00,TM52919:21106,57.7091,-122.88,47.3,330.9,947,0,18,1,0,0,18,3,0,0,1
10/31/2023,14:54:26,-07:00,TM52919:21106,57.7091,-122.88,47.3,330.9,947,1,18,1,0,0,18,3,0,0,1
10/31/2023,14:54:27,-07:00,TM52919:21106,57.7093,-122.881,47.7,331.5,947,1,18,1,0,0,18,3,0,0,1
10/31/2023,14:54:28,-07:00,TM52919:21106,57.7095,-122.881,48,331.9,947,1,18,1,0,0,18,3,0.2,1,1
10/31/2023,14:54:29,-07:00,TM52919:21106,57.7097,-122.881,48.1,331.8,947,1,18,1,0,0,18,3,0.3,1,1
10/31/2023,14:54:30,-07:00,TM52919:21106,57.7099,-122.881,48,331.5,947,1,18,1,0,0,18,3,0.4,1,1
10/31/2023,14:54:31,-07:00,TM52919:21106,57.7101,-122.881,47.7,331.8,947,1,18,1,0,0,18,3,0.5,1,1
10/31/2023,14:54:32,-07:00,TM52919:21106,57.7103,-122.882,47.4,332.1,948,1,18,1,0,0,18,3,0.8,0,1
10/31/2023,14:54:33,-07:00,TM52919:21106,57.7103,-122.882,47.3,332.2,948,1,18,1,0,0,18,3,0.9,0,0
10/31/2023,14:54:33,-07:00,TM52919:21106,57.7104,-122.882,47.3,332.3,948,0,18,1,0,0,18,3,0.9,0,0
10/31/2023,14:54:34,-07:00,TM52919:21106,57.7106,-122.882,47.3,332.5,948,0,18,1,0,0,18,3,1.4,0,0
10/31/2023,14:54:35,-07:00,TM52919:21106,57.7108,-122.882,47.1,332.1,949,0,18,1,0,0,18,3,1.7,0,0
10/31/2023,14:54:36,-07:00,TM52919:21106,57.7109,-122.882,46.8,331.2,949,0,18,1,0,0,18,3,1.6,0,0
10/31/2023,14:54:37,-07:00,TM52919:21106,57.7111,-122.882,46.3,329.9,950,0,18,1,0,0,18,3,1.1,0,0
10/31/2023,14:54:38,-07:00,TM52919:21106,57.7113,-122.883,45.3,328.2,950,0,18,1,0,0,18,3,15.2,0,0
10/31/2023,14:54:38,-07:00,TM52919:21106,57.7113,-122.883,45.1,327.7,950,0,18,1,0,0,18,3,15.5,0,0
10/31/2023,14:54:39,-07:00,TM52919:21106,57.7115,-122.883,43.3,325.1,952,0,18,1,0,0,18,3,17.9,0,0
10/31/2023,14:54:40,-07:00,TM52919:21106,57.7117,-122.883,41,322.1,954,0,18,1.1,0,0,18,3,21.3,0,0
10/31/2023,14:54:41,-07:00,TM52919:21106,57.7117,-122.883,39.4,321,954,0,18,1.1,0,0,18,3,23.5,0,0
10/31/2023,14:54:42,-07:00,TM52919:21106,57.7119,-122.883,35.7,321.6,960,0,18,1.1,0,0,18,3,27.6,0,0
10/31/2023,14:54:43,-07:00,TM52919:21106,57.712,-122.884,30.7,329.1,963,0,18,1.1,0,0,18,3,28.8,0,0
10/31/2023,14:54:43,-07:00,TM52919:21106,57.7121,-122.884,29.7,331.1,963,0,18,1.1,0,0,18,3,28.6,0,0
10/31/2023,14:54:44,-07:00,TM52919:21106,57.7122,-122.884,23.4,346.6,967,0,18,1.1,0,0,18,3,25.2,0,0
10/31/2023,14:54:45,-07:00,TM52919:21106,57.7122,-122.884,22.3,350,967,0,18,1.1,0,0,18,3,24.3,0,0
10/31/2023,14:54:46,-07:00,TM52919:21106,57.7123,-122.884,16.2,19,972,0,18,1.1,0,0,18,3,17.2,0,0
10/31/2023,14:54:46,-07:00,TM52919:21106,57.7123,-122.884,14.6,27.7,972,0,18,1.1,0,0,18,3,14.6,0,0
10/31/2023,14:54:47,-07:00,TM52919:21106,57.7123,-122.883,13,72.2,973,0,19,1,0,0,18,3,6.6,0,0
10/31/2023,14:54:48,-07:00,TM52919:21106,57.7123,-122.883,14.2,87.6,971,0,19,1,0,0,18,3,4.1,0,0
10/31/2023,14:54:49,-07:00,TM52919:21106,57.7123,-122.883,21.1,128,968,0,19,1,0,0,18,3,2.3,0,0
10/31/2023,14:54:49,-07:00,TM52919:21106,57.7123,-122.883,22.3,131.1,968,0,19,1,0,0,18,3,2.9,0,0
10/31/2023,14:54:51,-07:00,TM52919:21106,57.7121,-122.883,29.7,143.7,963,0,19,1,0,0,18,3,5.6,0,0
10/31/2023,14:54:51,-07:00,TM52919:21106,57.712,-122.883,32.4,147.6,959,0,19,1,0,0,18,3,6.1,0,0
10/31/2023,14:54:52,-07:00,TM52919:21106,57.7119,-122.883,36.2,153.7,956,0,18,1,0,0,18,3,5.5,0,0
10/31/2023,14:54:53,-07:00,TM52919:21106,57.7117,-122.883,38,155.2,953,0,18,1,0,0,18,3,4,0,0
10/31/2023,14:54:54,-07:00,TM52919:21106,57.7116,-122.883,38.6,154.3,952,0,18,1,0,0,18,3,3,0,0
10/31/2023,14:54:55,-07:00,TM52919:21106,57.7114,-122.882,38.7,153.8,951,0,19,1,0,0,18,3,2.4,0,0
10/31/2023,14:54:56,-07:00,TM52919:21106,57.7112,-122.882,38.6,154.7,950,0,19,1,0,0,18,3,1.1,0,0
10/31/2023,14:54:57,-07:00,TM52919:21106,57.7111,-122.882,38.5,154.9,950,0,19,1,0,0,18,3,0.2,0,0
10/31/2023,14:54:58,-07:00,TM52919:21106,57.7109,-122.882,38.2,153.6,950,0,19,1,0,0,18,3,1,0,0
10/31/2023,14:54:59,-07:00,TM52919:21106,57.7108,-122.882,37.9,151.6,950,0,19,1,0,0,18,3,1.1,0,0
10/31/2023,14:55:00,-07:00,TM52919:21106,57.7107,-122.882,37.9,151.4,950,0,19,1,0,0,18,3,1.1,0,0
10/31/2023,14:55:00,-07:00,TM52919:21106,57.7107,-122.882,37.9,151.2,949,0,19,1,0,0,18,3,1,0,1
10/31/2023,14:55:00,-07:00,TM52919:21106,57.7106,-122.882,37.9,151.3,949,1,19,1,0,0,18,3,1,1,1
10/31/2023,14:55:01,-07:00,TM52919:21106,57.7104,-122.881,38.3,151.9,948,1,19,1,0,0,18,3,1.2,1,1
10/31/2023,14:55:02,-07:00,TM52919:21106,57.7103,-122.881,38.4,151.6,947,1,18,1,0,0,18,3,1.3,1,1
10/31/2023,14:55:03,-07:00,TM52919:21106,57.7101,-122.881,38.4,151.4,946,1,18,1,0,0,18,3,1.3,1,1
10/31/2023,14:55:04,-07:00,TM52919:21106,57.71,-122.881,38.6,151.6,945,1,18,1,0,0,18,3,1.4,1,1
10/31/2023,14:55:05,-07:00,TM52919:21106,57.7098,-122.881,39,151.5,945,1,18,1,0,0,18,3,1.4,1,1
10/31/2023,14:55:07,-07:00,TM52919:21106,57.7096,-122.881,40.2,151.4,945,1,18,1,0,0,18,3,1.4,1,1
10/31/2023,14:55:08,-07:00,TM52919:21106,57.7095,-122.88,41.5,150.8,944,1,18,1,0,0,18,3,1.2,1,1
10/31/2023,14:55:09,-07:00,TM52919:21106,57.7093,-122.88,43,149.7,943,1,18,1,0,0,18,3,0.6,1,1
10/31/2023,14:55:09,-07:00,TM52919:21106,57.7092,-122.88,43.9,149.7,942,1,18,1,0,0,18,3,0.2,0,1
10/31/2023,14:55:09,-07:00,TM52919:21106,57.7091,-122.88,44.2,149.7,942,1,18,1,0,0,18,3,0,0,0
10/31/2023,14:55:10,-07:00,TM52919:21106,57.7091,-122.88,44.5,149.9,942,1,18,1,0,0,18,3,0.1,0,0
10/31/2023,14:55:10,-07:00,TM52919:21106,57.7091,-122.88,44.9,150.1,940,0,19,1,0,0,18,3,0.1,0,0
10/31/2023,14:55:11,-07:00,TM52919:21106,57.7089,-122.88,46.3,151.2,939,0,19,1,0,0,18,3,15.2,0,0
10/31/2023,14:55:12,-07:00,TM52919:21106,57.7086,-122.88,48,154.6,938,0,18,1,0,0,18,3,1.1,0,0
10/31/2023,14:55:13,-07:00,TM52919:21106,57.7085,-122.88,48.5,157.5,938,0,18,1,0,0,18,3,2.8,0,0
10/31/2023,14:55:14,-07:00,TM52919:21106,57.7083,-122.879,48.5,164.1,935,0,18,1,0,0,18,3,24.1,0,0
10/31/2023,14:55:14,-07:00,TM52919:21106,57.7081,-122.879,47.8,167.4,935,0,18,1,0,0,18,3,28.3,0,0
10/31/2023,14:55:15,-07:00,TM52919:21106,57.7079,-122.879,45.6,171.3,935,0,18,1,0,0,18,3,36.4,0,0
10/31/2023,14:55:16,-07:00,TM52919:21106,57.7077,-122.879,42.2,171.2,937,0,18,1,0,0,18,3,43.9,0,0
10/31/2023,14:55:17,-07:00,TM52919:21106,57.7076,-122.879,36.5,163.4,940,0,18,1,0,0,18,3,48.1,0,0
10/31/2023,14:55:18,-07:00,TM52919:21106,57.7075,-122.879,32.5,154.5,944,0,18,1,0,0,18,3,48.2,0,0
10/31/2023,14:55:19,-07:00,TM52919:21106,57.7074,-122.879,24.6,126.8,948,0,18,1,0,0,18,3,42.6,0,0
10/31/2023,14:55:19,-07:00,TM52919:21106,57.7074,-122.879,23.6,121.3,948,0,18,1,0,0,18,3,41.1,0,0
10/31/2023,14:55:20,-07:00,TM52919:21106,57.7074,-122.879,20.2,96.2,952,0,19,1,0,0,18,3,34,0,0
10/31/2023,14:55:21,-07:00,TM52919:21106,57.7074,-122.879,18.8,75.4,954,0,18,1,0,0,18,3,28.2,0,0
10/31/2023,14:55:22,-07:00,TM52919:21106,57.7075,-122.878,19.7,28.5,953,0,18,1.1,0,0,18,3,15.8,0,0
10/31/2023,14:55:22,-07:00,TM52919:21106,57.7075,-122.878,20.2,22.8,953,0,18,1.1,0,0,18,3,14.3,0,0
10/31/2023,14:55:24,-07:00,TM52919:21106,57.7077,-122.878,25,358.7,951,0,18,1.1,0,0,18,3,7,0,0
10/31/2023,14:55:24,-07:00,TM52919:21106,57.7077,-122.878,26,355.9,947,0,18,1.1,0,0,18,3,6,0,0
10/31/2023,14:55:25,-07:00,TM52919:21106,57.7079,-122.879,32.2,345,943,0,18,1.1,0,0,18,3,1.2,0,0
10/31/2023,14:55:26,-07:00,TM52919:21106,57.708,-122.879,35.6,339.9,940,0,18,1.1,0,0,18,3,0.9,0,0
10/31/2023,14:55:27,-07:00,TM52919:21106,57.7082,-122.879,38.6,332.5,937,0,18,1.1,0,0,18,3,1.7,0,0
10/31/2023,14:55:28,-07:00,TM52919:21106,57.7083,-122.879,40.5,329.9,935,0,19,1,0,0,18,3,1.1,0,0
10/31/2023,14:55:28,-07:00,TM52919:21106,57.7084,-122.879,40.9,329.7,935,0,19,1,0,0,18,3,0.9,0,0
10/31/2023,14:55:29,-07:00,TM52919:21106,57.7085,-122.879,42.6,329.5,934,0,18,1,0,0,18,3,0.2,0,0
10/31/2023,14:55:30,-07:00,TM52919:21106,57.7087,-122.879,44.1,329.9,933,0,18,1,0,0,18,3,0.5,0,0
10/31/2023,14:55:31,-07:00,TM52919:21106,57.7089,-122.88,45.4,330.6,933,0,18,1,0,0,18,3,0.8,0,0
10/31/2023,14:55:32,-07:00,TM52919:21106,57.7091,-122.88,46.3,331.2,933,0,18,1,0,0,18,3,0.9,0,0
10/31/2023,14:55:33,-07:00,TM52919:21106,57.7093,-122.88,46.8,331.6,933,0,18,1.1,0,0,18,3,0.8,0,0
10/31/2023,14:55:34,-07:00,TM52919:21106,57.7093,-122.88,47,331.7,933,0,18,1.1,0,0,18,3,0.8,0,0
10/31/2023,14:55:34,-07:00,TM52919:21106,57.7094,-122.88,47.1,331.5,934,0,18,1,0,0,18,3,0.8,0,1
10/31/2023,14:55:34,-07:00,TM52919:21106,57.7094,-122.88,47.1,331.6,934,1,18,1,0,0,18,3,0.8,0,1
10/31/2023,14:55:35,-07:00,TM52919:21106,57.7096,-122.88,47.1,331.3,934,1,18,1.1,0,0,18,3,0.7,1,1
10/31/2023,14:55:36,-07:00,TM52919:21106,57.7098,-122.881,47.2,330.9,935,1,18,1.1,0,0,18,3,0.9,1,1
10/31/2023,14:55:37,-07:00,TM52919:21106,57.71,-122.881,47.2,330.6,936,1,18,1,0,0,18,3,1.2,1,1
10/31/2023,14:55:38,-07:00,TM52919:21106,57.7102,-122.881,47.1,330.8,937,1,18,1.1,0,0,18,3,1.5,1,1
10/31/2023,14:55:39,-07:00,TM52919:21106,57.7104,-122.881,47.1,331.5,938,1,18,1.1,0,0,18,3,1.4,1,1
10/31/2023,14:55:40,-07:00,TM52919:21106,57.7106,-122.881,46.8,331.7,940,1,19,1,0,0,18,3,1.3,0,1
10/31/2023,14:55:41,-07:00,TM52919:21106,57.7108,-122.881,46.5,331.5,941,1,18,1,0,0,18,3,1.3,0,1
10/31/2023,14:55:41,-07:00,TM52919:21106,57.7108,-122.882,46.3,331.5,941,1,18,1,0,0,18,3,1.3,0,0
10/31/2023,14:55:41,-07:00,TM52919:21106,57.7108,-122.882,46.3,331.4,941,0,18,1,0,0,18,3,1.3,0,0
10/31/2023,14:55:43,-07:00,TM52919:21106,57.711,-122.882,45.5,331,942,0,19,1,0,0,18,3,1.4,0,0
10/31/2023,14:55:44,-07:00,TM52919:21106,57.7112,-122.882,44.1,330.7,944,0,19,1,0,0,18,3,1.7,0,0
10/31/2023,14:55:45,-07:00,TM52919:21106,57.7114,-122.882,42.6,331.2,948,0,19,1,0,0,18,3,1.9,0,0
10/31/2023,14:55:46,-07:00,TM52919:21106,57.7116,-122.882,41.9,333.1,951,0,19,1,0,0,18,3,1.3,0,0
10/31/2023,14:55:47,-07:00,TM52919:21106,57.7118,-122.883,40.9,334.7,952,0,19,1,0,0,18,3,0,0,0
10/31/2023,14:55:48,-07:00,TM52919:21106,57.7119,-122.883,38.5,332.7,955,0,18,1.1,0,0,18,3,30.6,0,0
10/31/2023,14:55:49,-07:00,TM52919:21106,57.7121,-122.883,35.2,324.6,958,0,18,1,0,0,18,3,43.8,0,0
10/31/2023,14:55:50,-07:00,TM52919:21106,57.7122,-122.883,32.3,312,958,0,18,1,0,0,18,3,39.2,0,0
10/31/2023,14:55:51,-07:00,TM52919:21106,57.7122,-122.883,27.8,287,962,0,18,1,0,0,18,3,27.7,0,0
10/31/2023,14:55:51,-07:00,TM52919:21106,57.7122,-122.883,27,282.3,962,0,18,1,0,0,18,3,25.4,0,0
10/31/2023,14:55:52,-07:00,TM52919:21106,57.7122,-122.884,23.5,251.9,962,0,18,1,0,0,18,3,11.1,0,0
10/31/2023,14:55:52,-07:00,TM52919:21106,57.7122,-122.884,23.2,246.4,962,0,18,1,0,0,18,3,8.7,0,0
10/31/2023,14:55:54,-07:00,TM52919:21106,57.7121,-122.884,22.3,213.6,961,0,18,1,0,0,18,3,4,0,0
10/31/2023,14:55:54,-07:00,TM52919:21106,57.712,-122.884,22.3,208.1,959,0,18,1,0,0,18,3,5.7,0,0
10/31/2023,14:55:55,-07:00,TM52919:21106,57.7119,-122.884,24,178,956,0,18,1,0,0,18,3,13.1,0,0
10/31/2023,14:55:55,-07:00,TM52919:21106,57.7119,-122.884,24.3,173.8,956,0,18,1,0,0,18,3,13.7,0,0
10/31/2023,14:55:56,-07:00,TM52919:21106,57.7117,-122.884,27.6,154.7,954,0,18,1,0,0,18,3,15.2,0,0
10/31/2023,14:55:57,-07:00,TM52919:21106,57.7117,-122.884,29.3,148.2,951,0,19,1,0,0,18,3,14.4,0,0
10/31/2023,14:55:58,-07:00,TM52919:21106,57.7115,-122.883,32.8,141.2,949,0,18,1,0,0,18,3,10.9,0,0
10/31/2023,14:55:59,-07:00,TM52919:21106,57.7114,-122.883,35.4,141.9,947,0,18,1,0,0,18,3,7.8,0,0
10/31/2023,14:56:00,-07:00,TM52919:21106,57.7113,-122.883,37,145,945,0,18,1,0,0,18,3,5.6,0,0
10/31/2023,14:56:01,-07:00,TM52919:21106,57.7111,-122.883,38.1,148.2,943,0,18,1,0,0,18,3,4.5,0,0
10/31/2023,14:56:02,-07:00,TM52919:21106,57.711,-122.883,38.9,149.5,942,0,18,1,0,0,18,3,3.8,0,0
10/31/2023,14:56:02,-07:00,TM52919:21106,57.7109,-122.883,39,149.6,942,0,18,1,0,0,18,3,3.7,0,0
10/31/2023,14:56:03,-07:00,TM52919:21106,57.7108,-122.882,39.2,149.3,941,0,18,1,0,0,18,3,3,0,0
10/31/2023,14:56:04,-07:00,TM52919:21106,57.7106,-122.882,39.2,149.5,940,0,18,1,0,0,18,3,2.3,0,0
10/31/2023,14:56:05,-07:00,TM52919:21106,57.7105,-122.882,39.5,150.2,940,0,18,1,0,0,18,3,1.9,0,0
10/31/2023,14:56:07,-07:00,TM52919:21106,57.7103,-122.882,39.9,151,939,0,18,1,0,0,18,3,1.7,0,0
10/31/2023,14:56:07,-07:00,TM52919:21106,57.7102,-122.882,40.1,151,939,0,18,1,0,0,18,3,1.7,0,0
10/31/2023,14:56:07,-07:00,TM52919:21106,57.7102,-122.882,40.2,151,939,1,18,1,0,0,18,3,1.6,1,1
10/31/2023,14:56:08,-07:00,TM52919:21106,57.71,-122.882,40.9,150.5,938,1,18,1,0,0,18,3,1.3,1,1
10/31/2023,14:56:09,-07:00,TM52919:21106,57.7099,-122.881,41.7,150.3,937,1,18,1,0,0,18,3,0.9,1,1
10/31/2023,14:56:10,-07:00,TM52919:21106,57.7097,-122.881,42.4,151.1,936,1,18,1,0,0,18,3,0.8,1,1
10/31/2023,14:56:11,-07:00,TM52919:21106,57.7095,-122.881,42.6,151.1,935,1,18,1,0,0,18,3,0.7,1,1
10/31/2023,14:56:12,-07:00,TM52919:21106,57.7093,-122.881,42.9,150.5,934,1,18,1,0,0,18,3,0.3,1,1
10/31/2023,14:56:13,-07:00,TM52919:21106,57.7093,-122.881,43,150.6,934,1,18,1,0,0,18,3,0.2,1,1
10/31/2023,14:56:14,-07:00,TM52919:21106,57.7091,-122.881,43,151.3,933,1,18,1,0,0,18,3,0.1,1,1
10/31/2023,14:56:15,-07:00,TM52919:21106,57.7089,-122.88,42.9,151.5,932,1,18,1,0,0,18,3,0.2,1,1
10/31/2023,14:56:15,-07:00,TM52919:21106,57.7088,-122.88,42.8,151.3,931,1,18,1,0,0,18,3,0.2,0,1
10/31/2023,14:56:16,-07:00,TM52919:21106,57.7087,-122.88,42.9,151.3,931,1,18,1,0,0,18,3,0.2,0,0
10/31/2023,14:56:16,-07:00,TM52919:21106,57.7087,-122.88,42.8,151.2,931,0,18,1,0,0,18,3,0.1,0,0
10/31/2023,14:56:17,-07:00,TM52919:21106,57.7085,-122.88,43,150.5,930,0,18,1,0,0,18,3,0.2,0,0
10/31/2023,14:56:18,-07:00,TM52919:21106,57.7084,-122.88,42.6,148,930,0,18,1,0,0,18,3,1.4,0,0
10/31/2023,14:56:19,-07:00,TM52919:21106,57.7082,-122.88,41.7,143.7,930,0,18,1,0,0,18,3,18.7,0,0
10/31/2023,14:56:20,-07:00,TM52919:21106,57.7081,-122.879,40.4,136.7,930,0,18,1,0,0,18,3,23.9,0,0
10/31/2023,14:56:20,-07:00,TM52919:21106,57.708,-122.879,39.7,132.3,931,0,18,1,0,0,18,3,29.4,0,0
10/31/2023,14:56:21,-07:00,TM52919:21106,57.7079,-122.879,39.5,129.5,932,0,18,1,0,0,18,3,37,0,0
10/31/2023,14:56:22,-07:00,TM52919:21106,57.7078,-122.879,39.4,129.3,932,0,18,1,0,0,18,3,44.7,0,0
10/31/2023,14:56:23,-07:00,TM52919:21106,57.7077,-122.878,38.4,132.2,932,0,18,1,0,0,18,3,51.3,0,0
10/31/2023,14:56:24,-07:00,TM52919:21106,57.7075,-122.878,36,140.9,933,0,18,1,0,0,18,3,55,0,0
10/31/2023,14:56:25,-07:00,TM52919:21106,57.7075,-122.878,35.4,143.4,933,0,18,1,0,0,18,3,55.2,0,0
10/31/2023,14:56:26,-07:00,TM52919:21106,57.7073,-122.878,32,160,937,0,19,1,0,0,18,3,52.9,0,0
10/31/2023,14:56:26,-07:00,TM52919:21106,57.7073,-122.878,31.3,163,937,0,19,1,0,0,18,3,52,0,0
10/31/2023,14:56:27,-07:00,TM52919:21106,57.7071,-122.878,28.2,182.8,939,0,18,1,0,0,18,3,43.4,0,0
10/31/2023,14:56:27,-07:00,TM52919:21106,57.7071,-122.878,27.6,186.5,939,0,18,1,0,0,18,3,41.5,0,0
10/31/2023,14:56:29,-07:00,TM52919:21106,57.707,-122.878,24.3,214.6,942,0,18,1,0,0,18,3,28.3,0,0
10/31/2023,14:56:29,-07:00,TM52919:21106,57.707,-122.878,23.5,225.8,944,0,18,1,0,0,18,3,23.5,0,0
10/31/2023,14:56:30,-07:00,TM52919:21106,57.7069,-122.879,21.8,260.1,945,0,18,1,0,0,18,3,10.4,0,0
10/31/2023,14:56:30,-07:00,TM52919:21106,57.707,-122.879,21.8,265.5,945,0,18,1,0,0,18,3,8.5,0,0
10/31/2023,14:56:32,-07:00,TM52919:21106,57.707,-122.879,23.1,296.4,945,0,18,1,0,0,18,3,0.3,0,0
10/31/2023,14:56:32,-07:00,TM52919:21106,57.707,-122.879,23.9,300.8,942,0,18,1,0,0,18,3,1.3,0,0
10/31/2023,14:56:33,-07:00,TM52919:21106,57.7071,-122.879,28.3,320.4,939,0,18,1.1,0,0,18,3,5,0,0
10/31/2023,14:56:33,-07:00,TM52919:21106,57.7072,-122.879,29.7,323.6,939,0,18,1.1,0,0,18,3,5.2,0,0
10/31/2023,14:56:34,-07:00,TM52919:21106,57.7073,-122.879,34.3,329.7,935,0,18,1.1,0,0,18,3,6,0,0
10/31/2023,14:56:35,-07:00,TM52919:21106,57.7075,-122.879,37.1,332.1,931,0,18,1.1,0,0,18,3,5.8,0,0
10/31/2023,14:56:36,-07:00,TM52919:21106,57.7076,-122.879,38.4,333.2,928,0,18,1.1,0,0,18,3,5.3,0,0
10/31/2023,14:56:37,-07:00,TM52919:21106,57.7077,-122.88,40.2,334.4,926,0,18,1.1,0,0,18,3,4.3,0,0
10/31/2023,14:56:38,-07:00,TM52919:21106,57.7079,-122.88,41.9,335,924,0,18,1.1,0,0,18,3,2.9,0,0
10/31/2023,14:56:39,-07:00,TM52919:21106,57.7081,-122.88,42.9,333.6,924,0,18,1.1,0,0,18,3,2.1,0,0
10/31/2023,14:56:40,-07:00,TM52919:21106,57.7083,-122.88,43.8,332.6,923,0,18,1,0,0,18,3,1.7,0,0
10/31/2023,14:56:41,-07:00,TM52919:21106,57.7084,-122.88,44.5,332.7,923,0,18,1,0,0,18,3,1.2,0,0
10/31/2023,14:56:41,-07:00,TM52919:21106,57.7085,-122.88,44.7,332.8,923,0,18,1,0,0,18,3,1,0,0
10/31/2023,14:56:42,-07:00,TM52919:21106,57.7086,-122.88,44.8,332.7,923,0,18,1,0,0,18,3,0.9,0,1
10/31/2023,14:56:42,-07:00,TM52919:21106,57.7086,-122.88,44.8,332.8,923,1,18,1.1,0,0,18,3,0.8,0,1
10/31/2023,14:56:43,-07:00,TM52919:21106,57.7088,-122.881,45.7,333,923,1,18,1.1,0,0,18,3,0,1,1
10/31/2023,14:56:44,-07:00,TM52919:21106,57.709,-122.881,45.9,332.5,923,1,19,1,0,0,18,3,0.4,1,1
10/31/2023,14:56:45,-07:00,TM52919:21106,57.7092,-122.881,45.6,331.8,923,1,19,1,0,0,18,3,0.6,1,1
10/31/2023,14:56:46,-07:00,TM52919:21106,57.7094,-122.881,45.2,331.8,924,1,18,1.1,0,0,18,3,0.7,1,1
10/31/2023,14:56:47,-07:00,TM52919:21106,57.7096,-122.881,45,331.6,924,1,19,1,0,0,18,3,0.8,1,1
10/31/2023,14:56:48,-07:00,TM52919:21106,57.7097,-122.882,44.7,331.3,925,1,19,1,0,0,18,3,0.8,1,1
10/31/2023,14:56:49,-07:00,TM52919:21106,57.7099,-122.882,44.5,331.6,926,1,19,1,0,0,18,3,0.8,1,1
10/31/2023,14:56:50,-07:00,TM52919:21106,57.7101,-122.882,44.1,331.7,927,1,18,1.1,0,0,18,3,0.9,1,1
10/31/2023,14:56:50,-07:00,TM52919:21106,57.7102,-122.882,43.8,331.5,927,1,18,1.1,0,0,18,3,0.9,0,1
10/31/2023,14:56:51,-07:00,TM52919:21106,57.7102,-122.882,43.7,331.5,927,1,18,1.1,0,0,18,3,0.9,0,0
10/31/2023,14:56:51,-07:00,TM52919:21106,57.7102,-122.882,43.5,331.5,928,0,18,1.1,0,0,18,3,0.9,0,0
10/31/2023,14:56:52,-07:00,TM52919:21106,57.7104,-122.882,43,332,929,0,18,1.1,0,0,18,3,1.1,0,0
10/31/2023,14:56:53,-07:00,TM52919:21106,57.7106,-122.882,43,334.7,931,0,18,1.1,0,0,18,3,17.2,0,0
10/31/2023,14:56:54,-07:00,TM52919:21106,57.7108,-122.883,43.3,338.5,933,0,18,1.1,0,0,18,3,20,0,0
10/31/2023,14:56:54,-07:00,TM52919:21106,57.7108,-122.883,43.3,339.2,933,0,18,1.1,0,0,18,3,20.7,0,0
10/31/2023,14:56:55,-07:00,TM52919:21106,57.711,-122.883,41.6,340.1,934,0,18,1.1,0,0,18,3,24,0,0
10/31/2023,14:56:56,-07:00,TM52919:21106,57.7112,-122.883,36.8,335.9,935,0,19,1,0,0,18,3,25.7,0,0
10/31/2023,14:56:57,-07:00,TM52919:21106,57.7113,-122.883,32.5,329.7,938,0,18,1,0,0,18,3,25.1,0,0
10/31/2023,14:56:58,-07:00,TM52919:21106,57.7113,-122.883,22.8,307.9,941,0,18,1,0,0,18,3,20,0,0
10/31/2023,14:56:58,-07:00,TM52919:21106,57.7114,-122.883,19.8,298.5,941,0,18,1,0,0,18,3,17.5,0,0
10/31/2023,14:57:00,-07:00,TM52919:21106,57.7114,-122.883,14,268.1,943,0,18,1,0,0,18,3,9.6,0,0
10/31/2023,14:57:00,-07:00,TM52919:21106,57.7113,-122.883,13.2,254.5,943,0,18,1,0,0,18,3,6.8,0,0
10/31/2023,14:57:01,-07:00,TM52919:21106,57.7113,-122.883,14.6,198.4,941,0,18,1,0,0,18,3,0.1,0,0
10/31/2023,14:57:02,-07:00,TM52919:21106,57.7112,-122.883,16.2,186.1,941,0,18,1,0,0,18,3,1.8,0,0
10/31/2023,14:57:03,-07:00,TM52919:21106,57.7111,-122.883,22.1,160.2,934,0,19,1,0,0,18,3,4.3,0,0
10/31/2023,14:57:03,-07:00,TM52919:21106,57.7111,-122.883,24,155.1,934,0,19,1,0,0,18,3,4.4,0,0
10/31/2023,14:57:04,-07:00,TM52919:21106,57.7109,-122.883,29.2,148.2,930,0,19,1,0,0,18,3,3.4,0,0
10/31/2023,14:57:05,-07:00,TM52919:21106,57.7108,-122.883,32.8,148.8,928,0,19,1,0,0,18,3,2.6,0,0
10/31/2023,14:57:07,-07:00,TM52919:21106,57.7106,-122.883,36.1,149.7,927,0,19,1,0,0,18,3,2,0,0
10/31/2023,14:57:08,-07:00,TM52919:21106,57.7105,-122.883,38.5,149.9,926,0,19,1,0,0,18,3,1.5,0,0
10/31/2023,14:57:09,-07:00,TM52919:21106,57.7103,-122.882,40.5,149.6,924,0,19,1,0,0,18,3,0.8,0,0
10/31/2023,14:57:10,-07:00,TM52919:21106,57.7102,-122.882,41.8,150.5,923,0,19,1,0,0,18,3,0.5,0,0
10/31/2023,14:57:10,-07:00,TM52919:21106,57.7101,-122.882,42.5,151.1,922,0,19,1,0,0,18,3,0.4,0,0
10/31/2023,14:57:10,-07:00,TM52919:21106,57.71,-122.882,42.7,151.1,922,1,19,1,0,0,18,3,0.4,1,1
10/31/2023,14:57:11,-07:00,TM52919:21106,57.7099,-122.882,43.6,151,922,1,19,1,0,0,18,3,0.3,1,1
10/31/2023,14:57:13,-07:00,TM52919:21106,57.7096,-122.882,44,151.3,920,1,19,1,0,0,18,3,0.2,1,1
10/31/2023,14:57:14,-07:00,TM52919:21106,57.7094,-122.882,44.3,151.4,919,1,18,1,0,0,18,3,0.2,1,1
10/31/2023,14:57:15,-07:00,TM52919:21106,57.7092,-122.881,44.6,151.4,918,1,18,1,0,0,18,3,0.2,1,1
10/31/2023,14:57:16,-07:00,TM52919:21106,57.7091,-122.881,44.6,151.3,917,1,18,1,0,0,18,3,0.2,1,1
10/31/2023,14:57:17,-07:00,TM52919:21106,57.7089,-122.881,44.7,151.4,916,1,18,1,0,0,18,3,0.2,1,1
10/31/2023,14:57:17,-07:00,TM52919:21106,57.7088,-122.881,44.6,151.5,916,1,18,1,0,0,18,3,0.2,1,1
10/31/2023,14:57:18,-07:00,TM52919:21106,57.7087,-122.881,44.5,151.9,916,1,18,1,0,0,18,3,0.4,1,1
10/31/2023,14:57:19,-07:00,TM52919:21106,57.7085,-122.881,43.8,151.7,916,1,18,1,0,0,18,3,0.6,1,1
10/31/2023,14:57:20,-07:00,TM52919:21106,57.7083,-122.88,43.3,151.3,916,1,18,1,0,0,18,3,0.5,0,1
10/31/2023,14:57:20,-07:00,TM52919:21106,57.7083,-122.88,43.3,151.1,916,1,18,1,0,0,18,3,0.5,0,0
10/31/2023,14:57:20,-07:00,TM52919:21106,57.7083,-122.88,43.2,151.1,916,1,18,1,0,0,18,3,0.5,0,0
10/31/2023,14:57:20,-07:00,TM52919:21106,57.7082,-122.88,43.2,151,916,0,18,1,0,0,18,3,0.4,0,0
10/31/2023,14:57:21,-07:00,TM52919:21106,57.7081,-122.88,43.3,150.9,916,0,18,1,0,0,18,3,14.7,0,0
10/31/2023,14:57:22,-07:00,TM52919:21106,57.7079,-122.88,42.7,147.8,915,0,18,1,0,0,18,3,15.9,0,0
10/31/2023,14:57:23,-07:00,TM52919:21106,57.7078,-122.88,40.8,141.8,916,0,18,1,0,0,18,3,18.8,0,0
10/31/2023,14:57:24,-07:00,TM52919:21106,57.7077,-122.88,38,134,918,0,18,1,0,0,18,3,24.7,0,0
10/31/2023,14:57:25,-07:00,TM52919:21106,57.7075,-122.879,35.2,131.6,920,0,18,1,0,0,18,3,31,0,0
10/31/2023,14:57:26,-07:00,TM52919:21106,57.7074,-122.879,31.3,136.5,923,0,18,1,0,0,18,3,35.4,0,0
10/31/2023,14:57:27,-07:00,TM52919:21106,57.7073,-122.879,25.8,151.1,926,0,19,1,0,0,18,3,35.7,0,0
10/31/2023,14:57:28,-07:00,TM52919:21106,57.7073,-122.879,22.2,165.1,930,0,19,1,0,0,18,3,33.6,0,0
10/31/2023,14:57:28,-07:00,TM52919:21106,57.7072,-122.879,18.7,184.3,930,0,19,1,0,0,18,3,30.1,0,0
10/31/2023,14:57:30,-07:00,TM52919:21106,57.7072,-122.879,14.3,228.1,933,0,18,1,0,0,18,3,21.2,0,0
10/31/2023,14:57:30,-07:00,TM52919:21106,57.7072,-122.879,14.4,253.9,935,0,18,1,0,0,18,3,16.9,0,0
10/31/2023,14:57:31,-07:00,TM52919:21106,57.7072,-122.879,17.2,305,934,0,19,1,0,0,18,3,11.8,0,0
10/31/2023,14:57:32,-07:00,TM52919:21106,57.7072,-122.879,18.8,312.8,931,0,19,1,0,0,18,3,10.8,0,0
10/31/2023,14:57:33,-07:00,TM52919:21106,57.7074,-122.88,25.1,326,927,0,19,1,0,0,18,3,9.2,0,0
10/31/2023,14:57:34,-07:00,TM52919:21106,57.7075,-122.88,29.8,327.5,922,0,18,1.1,0,0,18,3,8.2,0,0
10/31/2023,14:57:35,-07:00,TM52919:21106,57.7076,-122.88,32.8,327.3,919,0,18,1.1,0,0,18,3,7,0,0
10/31/2023,14:57:35,-07:00,TM52919:21106,57.7076,-122.88,33.2,327.3,919,0,18,1.1,0,0,18,3,6.7,0,0
10/31/2023,14:57:36,-07:00,TM52919:21106,57.7078,-122.88,35.4,327.6,916,0,19,1,0,0,18,3,5.3,0,0
10/31/2023,14:57:37,-07:00,TM52919:21106,57.7079,-122.88,36.8,326.9,916,0,19,1,0,0,18,3,3.9,0,0
10/31/2023,14:57:38,-07:00,TM52919:21106,57.7081,-122.88,37.9,326.3,915,0,18,1,0,0,18,3,2.1,0,0
10/31/2023,14:57:39,-07:00,TM52919:21106,57.7081,-122.88,38.2,326.9,914,0,18,1,0,0,18,3,1.5,0,1
10/31/2023,14:57:39,-07:00,TM52919:21106,57.7082,-122.881,38.4,327.2,914,1,18,1,0,0,18,3,1.2,0,1
10/31/2023,14:57:40,-07:00,TM52919:21106,57.7084,-122.881,39.4,330.9,914,1,19,1,0,0,18,3,0.6,1,1
10/31/2023,14:57:41,-07:00,TM52919:21106,57.7086,-122.881,40,331.7,914,1,18,1.1,0,0,18,3,0.8,1,1
10/31/2023,14:57:43,-07:00,TM52919:21106,57.7087,-122.881,40.2,331.3,914,1,18,1.1,0,0,18,3,0.7,1,1
10/31/2023,14:57:43,-07:00,TM52919:21106,57.7089,-122.881,40.7,332.2,915,1,18,1.1,0,0,18,3,0.9,1,1
10/31/2023,14:57:44,-07:00,TM52919:21106,57.7091,-122.881,41.2,333.6,915,1,18,1.1,0,0,18,3,1.7,1,1
10/31/2023,14:57:46,-07:00,TM52919:21106,57.7093,-122.882,41,332.3,915,1,18,1.1,0,0,18,3,2.3,1,1
10/31/2023,14:57:47,-07:00,TM52919:21106,57.7094,-122.882,40.4,330.3,916,1,19,1,0,0,18,3,1.9,1,1
10/31/2023,14:57:48,-07:00,TM52919:21106,57.7096,-122.882,40,329.2,917,1,19,1,0,0,18,3,1.1,1,1
10/31/2023,14:57:49,-07:00,TM52919:21106,57.7097,-122.882,39.8,330,918,1,19,1,0,0,18,3,0.5,1,1
10/31/2023,14:57:49,-07:00,TM52919:21106,57.7098,-122.882,39.8,330.2,919,1,19,1,0,0,18,3,0.4,1,1
10/31/2023,14:57:50,-07:00,TM52919:21106,57.7099,-122.882,39.5,331.1,919,1,19,1,0,0,18,3,0.4,0,1
10/31/2023,14:57:50,-07:00,TM52919:21106,57.7099,-122.882,39.3,331.3,921,1,19,1,0,0,18,3,0.4,0,0
10/31/2023,14:57:50,-07:00,TM52919:21106,57.71,-122.882,39.2,331.5,921,0,19,1,0,0,18,3,0.4,0,0
10/31/2023,14:57:51,-07:00,TM52919:21106,57.7101,-122.883,38.4,333.5,922,0,19,1,0,0,18,3,16.2,0,0
10/31/2023,14:57:52,-07:00,TM52919:21106,57.7103,-122.883,38,337.6,924,0,19,1,0,0,18,3,18.2,0,0
10/31/2023,14:57:53,-07:00,TM52919:21106,57.7104,-122.883,38,340.4,926,0,19,1,0,0,18,3,20.2,0,0
10/31/2023,14:57:54,-07:00,TM52919:21106,57.7106,-122.883,36.9,342.7,927,0,19,1,0,0,18,3,24.8,0,0
10/31/2023,14:57:55,-07:00,TM52919:21106,57.7107,-122.883,33,337.5,929,0,18,1,0,0,18,3,26.9,0,0
10/31/2023,14:57:56,-07:00,TM52919:21106,57.7108,-122.883,29.3,330.6,929,0,18,1,0,0,18,3,26.4,0,0
10/31/2023,14:57:56,-07:00,TM52919:21106,57.7109,-122.883,23.6,317.4,931,0,19,1,0,0,18,3,23.9,0,0
10/31/2023,14:57:57,-07:00,TM52919:21106,57.7109,-122.883,19.2,304.5,933,0,18,1,0,0,18,3,20.9,0,0
10/31/2023,14:57:58,-07:00,TM52919:21106,57.7109,-122.883,12.7,269,934,0,18,1,0,0,18,3,12.7,0,0
10/31/2023,14:57:59,-07:00,TM52919:21106,57.7109,-122.883,11.9,253.9,933,0,18,1,0,0,18,3,10.2,0,0
10/31/2023,14:58:00,-07:00,TM52919:21106,57.7108,-122.883,13.9,206.3,931,0,19,1,0,0,18,3,3.3,0,0
10/31/2023,14:58:00,-07:00,TM52919:21106,57.7108,-122.883,15.3,190,931,0,19,1,0,0,18,3,1.6,0,0
10/31/2023,14:58:02,-07:00,TM52919:21106,57.7107,-122.883,21.8,164.2,925,0,19,1,0,0,18,3,2.5,0,0
10/31/2023,14:58:02,-07:00,TM52919:21106,57.7106,-122.883,23.6,159.8,925,0,19,1,0,0,18,3,3,0,0
10/31/2023,14:58:03,-07:00,TM52919:21106,57.7105,-122.883,28.1,155.3,922,0,19,1,0,0,18,3,4.2,0,0
10/31/2023,14:58:04,-07:00,TM52919:21106,57.7104,-122.883,30.2,151.7,920,0,19,1,0,0,18,3,4.4,0,0
10/31/2023,14:58:05,-07:00,TM52919:21106,57.7102,-122.883,31.8,150.3,919,0,19,1,0,0,18,3,4,0,0
10/31/2023,14:58:06,-07:00,TM52919:21106,57.7102,-122.883,32.7,150.3,919,0,19,1,0,0,18,3,3.8,0,0
10/31/2023,14:58:07,-07:00,TM52919:21106,57.71,-122.883,34.2,149.2,919,0,19,1,0,0,18,3,3.1,0,0
10/31/2023,14:58:08,-07:00,TM52919:21106,57.7098,-122.883,35.6,148.4,919,0,19,1,0,0,18,3,2.1,0,0
10/31/2023,14:58:09,-07:00,TM52919:21106,57.7097,-122.882,36.7,149.1,919,0,19,1,0,0,18,3,1.4,0,0
10/31/2023,14:58:09,-07:00,TM52919:21106,57.7097,-122.882,37,149.3,919,1,19,1,0,0,18,3,1.3,0,1
10/31/2023,14:58:10,-07:00,TM52919:21106,57.7095,-122.882,38.2,150.2,919,1,19,1,0,0,18,3,0.9,1,1
10/31/2023,14:58:11,-07:00,TM52919:21106,57.7094,-122.882,39.3,150.6,918,1,19,1,0,0,18,3,0.6,1,1
10/31/2023,14:58:13,-07:00,TM52919:21106,57.7092,-122.882,40.3,150.9,917,1,18,1,0,0,18,3,0.4,1,1
10/31/2023,14:58:14,-07:00,TM52919:21106,57.709,-122.882,40.7,151.1,916,1,18,1,0,0,18,3,0.3,1,1
10/31/2023,14:58:15,-07:00,TM52919:21106,57.7088,-122.882,40.9,150.7,915,1,18,1,0,0,18,3,0,1,1
10/31/2023,14:58:16,-07:00,TM52919:21106,57.7086,-122.881,41.1,149.8,913,1,19,1,0,0,18,3,0.6,1,1
10/31/2023,14:58:17,-07:00,TM52919:21106,57.7085,-122.881,41.3,149.7,913,1,18,1,0,0,18,3,1.3,1,1
10/31/2023,14:58:18,-07:00,TM52919:21106,57.7083,-122.881,41.6,151.1,912,1,18,1,0,0,18,3,1.4,1,1
10/31/2023,14:58:19,-07:00,TM52919:21106,57.7081,-122.881,42.1,152,911,1,18,1,0,0,18,3,1.1,0,1
10/31/2023,14:58:20,-07:00,TM52919:21106,57.708,-122.881,42.3,151.5,911,1,18,1,0,0,18,3,1.1,0,1
10/31/2023,14:58:20,-07:00,TM52919:21106,57.708,-122.881,42.4,151.4,910,0,19,1,0,0,18,3,1.1,0,1
10/31/2023,14:58:20,-07:00,TM52919:21106,57.7079,-122.881,42.5,151.2,910,0,19,1,0,0,18,3,1.2,0,1
10/31/2023,14:58:20,-07:00,TM52919:21106,57.7079,-122.881,42.5,151.1,910,0,19,1,0,0,18,3,1.2,0,0
10/31/2023,14:58:21,-07:00,TM52919:21106,57.7077,-122.88,42.2,149,910,0,19,1,0,0,18,3,17.1,0,0
10/31/2023,14:58:22,-07:00,TM52919:21106,57.7075,-122.88,40.5,147.2,911,0,19,1,0,0,18,3,18.6,0,0
10/31/2023,14:58:23,-07:00,TM52919:21106,57.7074,-122.88,37,149.3,913,0,19,1,0,0,18,3,19.6,0,0
10/31/2023,14:58:24,-07:00,TM52919:21106,57.7072,-122.88,31.6,159.4,916,0,18,1,0,0,18,3,17.6,0,0
10/31/2023,14:58:25,-07:00,TM52919:21106,57.7072,-122.88,26,172.5,920,0,19,1,0,0,18,3,13.5,0,0
10/31/2023,14:58:26,-07:00,TM52919:21106,57.7071,-122.88,18.7,196.7,925,0,18,1,0,0,18,3,6.6,0,0
10/31/2023,14:58:27,-07:00,TM52919:21106,57.707,-122.88,16,209.8,925,0,18,1,0,0,18,3,3.8,0,0
10/31/2023,14:58:28,-07:00,TM52919:21106,57.707,-122.88,11.2,275,930,0,18,1,0,0,18,3,4.8,0,0
10/31/2023,14:58:29,-07:00,TM52919:21106,57.7071,-122.88,12,292.7,930,0,18,1,0,0,18,3,5.8,0,0
10/31/2023,14:58:30,-07:00,TM52919:21106,57.7071,-122.88,17.6,324.9,923,0,18,1.1,0,0,18,3,6.9,0,0
10/31/2023,14:58:31,-07:00,TM52919:21106,57.7073,-122.88,25.1,332.6,918,0,18,1.1,0,0,18,3,6.7,0,0
10/31/2023,14:58:32,-07:00,TM52919:21106,57.7073,-122.88,28.2,333.6,918,0,18,1.1,0,0,18,3,6.3,0,0
10/31/2023,14:58:33,-07:00,TM52919:21106,57.7075,-122.881,32.4,332.9,910,0,18,1,0,0,18,3,5.8,0,0
10/31/2023,14:58:34,-07:00,TM52919:21106,57.7076,-122.881,35.3,333.6,908,0,18,1.1,0,0,18,3,5.2,0,0
10/31/2023,14:58:34,-07:00,TM52919:21106,57.7077,-122.881,35.8,333.9,908,0,18,1.1,0,0,18,3,5,0,1
10/31/2023,14:58:35,-07:00,TM52919:21106,57.7078,-122.881,38.1,334.7,907,0,18,1.1,0,0,18,3,3.8,0,1
10/31/2023,14:58:36,-07:00,TM52919:21106,57.708,-122.881,39.9,334.5,906,0,18,1.1,0,0,18,3,2.7,0,1
10/31/2023,14:58:37,-07:00,TM52919:21106,57.7081,-122.881,41.3,334.3,906,0,18,1.1,0,0,18,3,1.9,0,1
10/31/2023,14:58:37,-07:00,TM52919:21106,57.7082,-122.881,41.7,334.2,906,0,18,1.1,0,0,18,3,1.7,0,0
10/31/2023,14:58:37,-07:00,TM52919:21106,57.7082,-122.881,42.3,334,906,0,18,1.1,0,0,18,3,1.3,0,0
10/31/2023,14:58:38,-07:00,TM52919:21106,57.7083,-122.881,42.5,333.8,906,0,18,1.1,0,0,18,3,1.1,0,1
10/31/2023,14:58:38,-07:00,TM52919:21106,57.7083,-122.881,42.8,333.7,906,0,18,1.1,0,0,18,3,1,1,1
10/31/2023,14:58:38,-07:00,TM52919:21106,57.7083,-122.881,43,333.5,906,1,18,1.1,0,0,18,3,0.8,1,1
10/31/2023,14:58:39,-07:00,TM52919:21106,57.7085,-122.881,43.8,333.1,906,1,18,1.1,0,0,18,3,0.2,1,1
10/31/2023,14:58:40,-07:00,TM52919:21106,57.7087,-122.882,44.2,332.8,906,1,18,1.1,0,0,18,3,0.4,1,1
10/31/2023,14:58:41,-07:00,TM52919:21106,57.7089,-122.882,43.9,331.3,907,1,18,1.1,0,0,18,3,0.4,1,1
10/31/2023,14:58:42,-07:00,TM52919:21106,57.709,-122.882,43.6,330.6,908,1,18,1.1,0,0,18,3,0.1,1,1
10/31/2023,14:58:43,-07:00,TM52919:21106,57.7092,-122.882,43.3,331.2,909,1,18,1.1,0,0,18,3,0,1,1
10/31/2023,14:58:44,-07:00,TM52919:21106,57.7094,-122.882,42.7,331,911,1,18,1.1,0,0,18,3,0.1,1,1
10/31/2023,14:58:44,-07:00,TM52919:21106,57.7095,-122.882,42.4,330.8,911,1,18,1.1,0,0,18,3,0.2,1,1
10/31/2023,14:58:45,-07:00,TM52919:21106,57.7095,-122.883,42,330.3,913,1,18,1.1,0,0,18,3,0.5,1,1
10/31/2023,14:58:45,-07:00,TM52919:21106,57.7096,-122.883,41.9,330.2,913,1,18,1.1,0,0,18,3,0.6,0,0
10/31/2023,14:58:45,-07:00,TM52919:21106,57.7096,-122.883,41.7,330.1,913,0,18,1.1,0,0,18,3,0.7,0,0
10/31/2023,14:58:46,-07:00,TM52919:21106,57.7098,-122.883,41.4,331,914,0,18,1.1,0,0,18,3,14.1,0,0
10/31/2023,14:58:47,-07:00,TM52919:21106,57.7099,-122.883,41.1,334.2,916,0,18,1.1,0,0,18,3,15,0,0
10/31/2023,14:58:48,-07:00,TM52919:21106,57.71,-122.883,41,337.9,918,0,18,1.1,0,0,18,3,16.6,0,0
10/31/2023,14:58:49,-07:00,TM52919:21106,57.7102,-122.883,40.8,345.9,920,0,19,1,0,0,18,3,21.7,0,0
10/31/2023,14:58:49,-07:00,TM52919:21106,57.7103,-122.883,40,349.9,920,0,19,1,0,0,18,3,25.9,0,0
10/31/2023,14:58:51,-07:00,TM52919:21106,57.7105,-122.883,36.1,350.9,921,0,18,1.1,0,0,18,3,33.7,0,0
10/31/2023,14:58:52,-07:00,TM52919:21106,57.7107,-122.883,30.3,339.7,923,0,18,1.1,0,0,18,3,36.4,0,0
10/31/2023,14:58:52,-07:00,TM52919:21106,57.7107,-122.883,27.7,332.2,926,0,18,1.1,0,0,18,3,35.9,0,0
10/31/2023,14:58:53,-07:00,TM52919:21106,57.7108,-122.883,22.4,312.9,930,0,19,1,0,0,18,3,32.7,0,0
10/31/2023,14:58:53,-07:00,TM52919:21106,57.7108,-122.884,18.9,294.6,930,0,19,1,0,0,18,3,28.8,0,0
10/31/2023,14:58:55,-07:00,TM52919:21106,57.7108,-122.884,15.7,254.9,932,0,18,1,0,0,18,3,19.6,0,0
10/31/2023,14:58:55,-07:00,TM52919:21106,57.7107,-122.884,15.9,243.9,932,0,18,1,0,0,18,3,16.2,0,0
10/31/2023,14:58:56,-07:00,TM52919:21106,57.7106,-122.884,19.6,205.3,930,0,18,1,0,0,18,3,4.5,0,0
10/31/2023,14:58:57,-07:00,TM52919:21106,57.7106,-122.884,20.1,200.4,930,0,18,1,0,0,18,3,3,0,0
10/31/2023,14:58:58,-07:00,TM52919:21106,57.7105,-122.884,23.9,174.5,926,0,19,1,0,0,18,3,3.4,0,0
10/31/2023,14:58:58,-07:00,TM52919:21106,57.7105,-122.884,24.3,171.2,926,0,19,1,0,0,18,3,4,0,0
10/31/2023,14:58:59,-07:00,TM52919:21106,57.7103,-122.884,27.7,155.2,925,0,19,1,0,0,18,3,5.3,0,0
10/31/2023,14:59:00,-07:00,TM52919:21106,57.7102,-122.884,30.4,151.5,924,0,19,1,0,0,18,3,5.3,0,0
10/31/2023,14:59:00,-07:00,TM52919:21106,57.7102,-122.884,30.9,150.9,924,0,19,1,0,0,18,3,5.2,0,0
10/31/2023,14:59:02,-07:00,TM52919:21106,57.71,-122.883,33.1,147.2,923,0,19,1,0,0,18,3,3.9,0,0
10/31/2023,14:59:03,-07:00,TM52919:21106,57.7099,-122.883,34.3,147.1,922,0,19,1,0,0,18,3,2.5,0,0
10/31/2023,14:59:04,-07:00,TM52919:21106,57.7098,-122.883,35.7,148.8,921,0,19,1,0,0,18,3,1.6,0,0
10/31/2023,14:59:05,-07:00,TM52919:21106,57.7096,-122.883,37.2,150.8,920,0,18,1,0,0,18,3,1.4,0,0
10/31/2023,14:59:05,-07:00,TM52919:21106,57.7095,-122.883,38,151.1,918,0,18,1,0,0,18,3,1.4,0,0
10/31/2023,14:59:05,-07:00,TM52919:21106,57.7095,-122.883,38.3,151.1,918,0,18,1,0,0,18,3,1.4,1,1
10/31/2023,14:59:06,-07:00,TM52919:21106,57.7095,-122.883,38.5,150.9,918,1,18,1,0,0,18,3,1.3,1,1
10/31/2023,14:59:07,-07:00,TM52919:21106,57.7093,-122.883,39.3,149.6,916,1,19,1,0,0,18,3,0.7,1,1
10/31/2023,14:59:08,-07:00,TM52919:21106,57.7091,-122.882,39.9,150.4,915,1,19,1,0,0,18,3,0.2,1,1
10/31/2023,14:59:09,-07:00,TM52919:21106,57.7089,-122.882,40.8,152.1,913,1,19,1,0,0,18,3,0.5,1,1
10/31/2023,14:59:10,-07:00,TM52919:21106,57.7088,-122.882,41.2,151.9,912,1,19,1,0,0,18,3,0.7,1,1
10/31/2023,14:59:11,-07:00,TM52919:21106,57.7086,-122.882,41.6,152,911,1,19,1,0,0,18,3,0.9,1,1
10/31/2023,14:59:12,-07:00,TM52919:21106,57.7084,-122.882,41.9,152.5,910,1,19,1,0,0,18,3,1.4,1,1
10/31/2023,14:59:12,-07:00,TM52919:21106,57.7083,-122.882,42.2,152.5,910,1,19,1,0,0,18,3,1.6,0,1
10/31/2023,14:59:13,-07:00,TM52919:21106,57.7083,-122.882,42.2,152.5,910,0,19,1,0,0,18,3,1.7,0,0
10/31/2023,14:59:13,-07:00,TM52919:21106,57.7082,-122.881,42.3,152.3,910,0,19,1,0,0,18,3,1.8,0,0
10/31/2023,14:59:13,-07:00,TM52919:21106,57.7082,-122.881,42.4,152.2,910,0,19,1,0,0,18,3,1.9,0,1
10/31/2023,14:59:13,-07:00,TM52919:21106,57.7081,-122.881,42.5,152,910,1,19,1,0,0,18,3,1.9,1,1
10/31/2023,14:59:14,-07:00,TM52919:21106,57.708,-122.881,43,151.1,909,1,19,1,0,0,18,3,1.8,0,1
10/31/2023,14:59:15,-07:00,TM52919:21106,57.7078,-122.881,43.5,150.9,907,1,19,1,0,0,18,3,1.6,1,1
10/31/2023,14:59:17,-07:00,TM52919:21106,57.7076,-122.881,43.7,151.2,905,1,19,1,0,0,18,3,1.6,1,1
10/31/2023,14:59:18,-07:00,TM52919:21106,57.7074,-122.881,43.6,150.4,903,1,19,1,0,0,18,3,1.2,0,1
10/31/2023,14:59:18,-07:00,TM52919:21106,57.7074,-122.881,43.5,150.2,902,0,19,1,0,0,18,3,1.1,0,0
10/31/2023,14:59:19,-07:00,TM52919:21106,57.7072,-122.88,42.8,148.6,902,0,19,1,0,0,18,3,14.9,0,0
10/31/2023,14:59:19,-07:00,TM52919:21106,57.7071,-122.88,42.3,147.5,902,0,19,1,0,0,18,3,15.6,0,0
10/31/2023,14:59:20,-07:00,TM52919:21106,57.707,-122.88,40.5,144.2,903,0,19,1,0,0,18,3,18.2,0,0
10/31/2023,14:59:21,-07:00,TM52919:21106,57.7069,-122.88,38.6,141.9,905,0,18,1,0,0,18,3,20.9,0,0
10/31/2023,14:59:22,-07:00,TM52919:21106,57.7067,-122.88,35.1,142.1,907,0,18,1,0,0,18,3,24.6,0,0
10/31/2023,14:59:23,-07:00,TM52919:21106,57.7066,-122.88,31.2,148.5,910,0,18,1,0,0,18,3,25.7,0,0
10/31/2023,14:59:24,-07:00,TM52919:21106,57.7065,-122.88,25.6,163.4,913,0,19,1,0,0,18,3,23.1,0,0
10/31/2023,14:59:24,-07:00,TM52919:21106,57.7065,-122.88,24.3,167.1,913,0,19,1,0,0,18,3,22.2,0,0
10/31/2023,14:59:25,-07:00,TM52919:21106,57.7064,-122.88,18.3,191.2,916,0,19,1,0,0,18,3,16.1,0,0
10/31/2023,14:59:26,-07:00,TM52919:21106,57.7063,-122.88,15.4,211.2,918,0,18,1,0,0,18,3,11.9,0,0
10/31/2023,14:59:27,-07:00,TM52919:21106,57.7063,-122.88,12.7,254.8,919,0,18,1,0,0,18,3,4.1,0,0
10/31/2023,14:59:28,-07:00,TM52919:21106,57.7063,-122.88,13.3,278.9,917,0,18,1,0,0,18,3,1.2,0,0
10/31/2023,14:59:29,-07:00,TM52919:21106,57.7064,-122.88,17.9,315.4,913,0,18,1.1,0,0,18,3,1.9,0,0
10/31/2023,14:59:30,-07:00,TM52919:21106,57.7065,-122.88,22.2,324.3,908,0,18,1.1,0,0,18,3,2.9,0,0
10/31/2023,14:59:31,-07:00,TM52919:21106,57.7066,-122.88,28.3,331.7,903,0,18,1.1,0,0,18,3,3,0,0
10/31/2023,14:59:32,-07:00,TM52919:21106,57.7067,-122.88,31.8,334.2,899,0,18,1.1,0,0,18,3,2.2,0,0
10/31/2023,14:59:33,-07:00,TM52919:21106,57.7069,-122.88,34,334.5,897,0,18,1.1,0,0,18,3,1.2,0,0
10/31/2023,14:59:33,-07:00,TM52919:21106,57.7069,-122.88,34.3,334.4,897,0,18,1.1,0,0,18,3,1.1,0,0
10/31/2023,14:59:34,-07:00,TM52919:21106,57.7071,-122.881,35.7,332.3,895,0,18,1.1,0,0,18,3,0.7,0,0
10/31/2023,14:59:35,-07:00,TM52919:21106,57.7071,-122.881,35.9,332,895,0,18,1.1,0,0,18,3,0.7,0,1
10/31/2023,14:59:35,-07:00,TM52919:21106,57.7071,-122.881,36,332,895,1,18,1.1,0,0,18,3,0.6,0,1
10/31/2023,14:59:36,-07:00,TM52919:21106,57.7073,-122.881,37,332.6,895,1,18,1.1,0,0,18,3,0.2,1,1
10/31/2023,14:59:37,-07:00,TM52919:21106,57.7075,-122.881,37.7,332.6,896,1,18,1.1,0,0,18,3,0.2,0,1
10/31/2023,14:59:37,-07:00,TM52919:21106,57.7075,-122.881,37.9,332.5,896,1,18,1.1,0,0,18,3,0.3,0,1
10/31/2023,14:59:37,-07:00,TM52919:21106,57.7075,-122.881,38.2,332.5,896,0,18,1.1,0,0,18,3,0.3,0,1
10/31/2023,14:59:39,-07:00,TM52919:21106,57.7077,-122.881,38.9,332.1,897,0,18,1,0,0,18,3,0.7,0,1
10/31/2023,14:59:39,-07:00,TM52919:21106,57.7078,-122.881,39,331.9,897,0,18,1,0,0,18,3,0.7,0,0
10/31/2023,14:59:40,-07:00,TM52919:21106,57.7079,-122.881,39.1,332,897,0,18,1,0,0,18,3,0.8,0,0
10/31/2023,14:59:40,-07:00,TM52919:21106,57.7079,-122.881,39,331.9,898,1,18,1,0,0,18,3,0.9,1,0
10/31/2023,14:59:40,-07:00,TM52919:21106,57.708,-122.881,39.2,331.9,898,1,18,1,0,0,18,3,0.9,1,1
10/31/2023,14:59:40,-07:00,TM52919:21106,57.708,-122.882,39.1,331.8,898,1,18,1,0,0,18,3,0.9,1,1
10/31/2023,14:59:41,-07:00,TM52919:21106,57.7082,-122.882,39.6,331.6,899,1,18,1,0,0,18,3,1,0,1
10/31/2023,14:59:42,-07:00,TM52919:21106,57.7082,-122.882,39.7,331.4,899,1,18,1,0,0,18,3,1,0,0
10/31/2023,14:59:42,-07:00,TM52919:21106,57.7082,-122.882,39.7,331.3,900,0,18,1,0,0,18,3,1,0,0
10/31/2023,14:59:42,-07:00,TM52919:21106,57.7083,-122.882,39.9,331.2,900,0,18,1,0,0,18,3,1,0,0
10/31/2023,14:59:42,-07:00,TM52919:21106,57.7083,-122.882,39.9,331.1,900,0,18,1,0,0,18,3,0.9,0,1
10/31/2023,14:59:42,-07:00,TM52919:21106,57.7083,-122.882,40,331,900,0,18,1,0,0,18,3,0.9,1,1
10/31/2023,14:59:43,-07:00,TM52919:21106,57.7084,-122.882,40.1,330.9,900,1,18,1,0,0,18,3,0.8,1,1
10/31/2023,14:59:44,-07:00,TM52919:21106,57.7085,-122.882,40.5,331.5,900,1,18,1.1,0,0,18,3,0.8,1,1
10/31/2023,14:59:45,-07:00,TM52919:21106,57.7087,-122.882,40.6,332,900,1,18,1,0,0,18,3,1.1,1,1
10/31/2023,14:59:46,-07:00,TM52919:21106,57.7089,-122.882,40.1,331.2,901,1,18,1,0,0,18,3,1.1,1,1
10/31/2023,14:59:47,-07:00,TM52919:21106,57.709,-122.883,39.6,330.7,902,1,18,1,0,0,18,3,0.8,1,1
10/31/2023,14:59:48,-07:00,TM52919:21106,57.7092,-122.883,39.2,331,904,1,18,1,0,0,18,3,0.6,1,1
10/31/2023,14:59:49,-07:00,TM52919:21106,57.7093,-122.883,38.6,331,905,1,18,1,0,0,18,3,0.5,1,1
10/31/2023,14:59:49,-07:00,TM52919:21106,57.7094,-122.883,38.5,331,908,1,18,1,0,0,18,3,0.4,0,1
10/31/2023,14:59:49,-07:00,TM52919:21106,57.7094,-122.883,38.3,331.3,908,1,18,1,0,0,18,3,0.4,0,0
10/31/2023,14:59:49,-07:00,TM52919:21106,57.7095,-122.883,38.3,331.3,908,0,18,1,0,0,18,3,0.4,0,0
10/31/2023,14:59:51,-07:00,TM52919:21106,57.7097,-122.883,37.8,333.6,910,0,19,1,0,0,18,3,16.1,0,0
10/31/2023,14:59:52,-07:00,TM52919:21106,57.7098,-122.883,37.8,341.2,913,0,19,1,0,0,18,3,19.1,0,0
10/31/2023,14:59:52,-07:00,TM52919:21106,57.7099,-122.883,37.8,343.2,915,0,18,1.1,0,0,18,3,20.2,0,0
10/31/2023,14:59:53,-07:00,TM52919:21106,57.7101,-122.883,37.2,354.5,917,0,18,1.1,0,0,18,3,28.8,0,0
10/31/2023,14:59:54,-07:00,TM52919:21106,57.7102,-122.883,36.2,357.5,917,0,18,1.1,0,0,18,3,33.9,0,0
10/31/2023,14:59:55,-07:00,TM52919:21106,57.7103,-122.883,31.4,353.9,922,0,18,1.1,0,0,18,3,42,0,0
10/31/2023,14:59:55,-07:00,TM52919:21106,57.7104,-122.883,29.3,349,922,0,18,1.1,0,0,18,3,43.5,0,0
10/31/2023,14:59:56,-07:00,TM52919:21106,57.7105,-122.884,23.5,325.4,926,0,18,1,0,0,18,3,42.8,0,0
10/31/2023,14:59:57,-07:00,TM52919:21106,57.7105,-122.884,22.7,320.8,926,0,18,1,0,0,18,3,42,0,0
10/31/2023,14:59:57,-07:00,TM52919:21106,57.7106,-122.884,19.9,299.7,928,0,18,1,0,0,18,3,37.5,0,0
10/31/2023,14:59:58,-07:00,TM52919:21106,57.7106,-122.884,18,282.8,929,0,19,1,0,0,18,3,33.1,0,0
10/31/2023,14:59:59,-07:00,TM52919:21106,57.7105,-122.884,15.3,247.5,929,0,18,1,0,0,18,3,23.5,0,0
10/31/2023,15:00:00,-07:00,TM52919:21106,57.7105,-122.884,15.1,234.9,929,0,18,1,0,0,18,3,20.4,0,0
10/31/2023,15:00:01,-07:00,TM52919:21106,57.7104,-122.884,17.2,192,925,0,19,1,0,0,18,3,13.3,0,0
10/31/2023,15:00:01,-07:00,TM52919:21106,57.7104,-122.884,18.7,184,925,0,19,1,0,0,18,3,11.4,0,0
10/31/2023,15:00:02,-07:00,TM52919:21106,57.7103,-122.884,24.3,167.5,922,0,19,1,0,0,18,3,7.1,0,0
10/31/2023,15:00:03,-07:00,TM52919:21106,57.7102,-122.884,27.3,163.4,920,0,18,1,0,0,18,3,5.5,0,0
10/31/2023,15:00:04,-07:00,TM52919:21106,57.71,-122.884,32.7,159.9,917,0,19,1,0,0,18,3,2.5,0,0
10/31/2023,15:00:05,-07:00,TM52919:21106,57.7099,-122.884,36,157.4,915,0,19,1,0,0,18,3,0.4,0,0
10/31/2023,15:00:06,-07:00,TM52919:21106,57.7097,-122.884,38,153.4,914,0,19,1,0,0,18,3,0.3,0,0
10/31/2023,15:00:06,-07:00,TM52919:21106,57.7097,-122.884,38.3,152.9,914,0,19,1,0,0,18,3,0.4,0,0
10/31/2023,15:00:07,-07:00,TM52919:21106,57.7095,-122.883,39.9,151.9,913,0,19,1,0,0,18,3,0.5,0,0
10/31/2023,15:00:09,-07:00,TM52919:21106,57.7093,-122.883,40.9,151,913,0,19,1,0,0,18,3,0.4,0,0
10/31/2023,15:00:09,-07:00,TM52919:21106,57.7093,-122.883,41.1,150.9,912,0,19,1,0,0,18,3,0.3,0,1
10/31/2023,15:00:09,-07:00,TM52919:21106,57.7092,-122.883,41.2,150.7,912,1,19,1,0,0,18,3,0.2,1,1
10/31/2023,15:00:10,-07:00,TM52919:21106,57.709,-122.883,41.8,150.1,911,1,19,1,0,0,18,3,0.4,1,1
10/31/2023,15:00:11,-07:00,TM52919:21106,57.7089,-122.883,42.3,149.9,910,1,19,1,0,0,18,3,0.9,1,1
10/31/2023,15:00:12,-07:00,TM52919:21106,57.7087,-122.882,42.7,150.3,909,1,19,1,0,0,18,3,1.4,1,1
10/31/2023,15:00:13,-07:00,TM52919:21106,57.7085,-122.882,43.1,151.3,906,1,19,1,0,0,18,3,1.5,1,1
10/31/2023,15:00:14,-07:00,TM52919:21106,57.7083,-122.882,43.2,152.1,904,1,19,1,0,0,18,3,1.2,0,1
10/31/2023,15:00:14,-07:00,TM52919:21106,57.7083,-122.882,43.2,152.3,904,1,19,1,0,0,18,3,1.1,0,0
10/31/2023,15:00:15,-07:00,TM52919:21106,57.7083,-122.882,43.2,152.4,904,0,19,1,0,0,18,3,1,0,0
10/31/2023,15:00:15,-07:00,TM52919:21106,57.7082,-122.882,43.2,152.5,903,0,19,1,0,0,18,3,0.9,0,0
10/31/2023,15:00:15,-07:00,TM52919:21106,57.7082,-122.882,43.2,152.5,903,0,19,1,0,0,18,3,0.8,1,1
10/31/2023,15:00:15,-07:00,TM52919:21106,57.7082,-122.882,43.2,152.4,903,1,19,1,0,0,18,3,0.7,1,1
10/31/2023,15:00:16,-07:00,TM52919:21106,57.708,-122.882,43.2,151.9,902,1,19,1,0,0,18,3,0.5,1,1
10/31/2023,15:00:17,-07:00,TM52919:21106,57.7079,-122.882,43.4,151.6,901,1,19,1,0,0,18,3,0.5,0,1
10/31/2023,15:00:17,-07:00,TM52919:21106,57.7078,-122.882,43.4,151.6,901,0,19,1,0,0,18,3,0.4,0,0
10/31/2023,15:00:18,-07:00,TM52919:21106,57.7076,-122.881,43.6,151.9,899,0,19,1,0,0,18,3,0.3,0,0
10/31/2023,15:00:19,-07:00,TM52919:21106,57.7075,-122.881,43.6,151.4,898,0,19,1,0,0,18,3,0.2,0,0
10/31/2023,15:00:20,-07:00,TM52919:21106,57.7073,-122.881,43.5,151.5,898,0,19,1,0,0,18,3,0.2,0,0
10/31/2023,15:00:20,-07:00,TM52919:21106,57.7072,-122.881,43.5,151.7,898,0,19,1,0,0,18,3,0.2,0,0
10/31/2023,15:00:21,-07:00,TM52919:21106,57.7072,-122.881,43.5,151.8,898,0,19,1,0,0,18,3,0.1,0,1
10/31/2023,15:00:21,-07:00,TM52919:21106,57.7072,-122.881,43.5,151.9,898,1,19,1,0,0,18,3,0.1,1,1
10/31/2023,15:00:22,-07:00,TM52919:21106,57.707,-122.881,43.4,152.4,898,1,19,1,0,0,18,3,0.4,1,1
10/31/2023,15:00:23,-07:00,TM52919:21106,57.7068,-122.881,43.3,151.9,897,1,19,1,0,0,18,3,0.6,0,1
10/31/2023,15:00:23,-07:00,TM52919:21106,57.7068,-122.881,43.2,151.6,897,1,19,1,0,0,18,3,0.6,0,1
10/31/2023,15:00:23,-07:00,TM52919:21106,57.7068,-122.881,43.2,151.5,897,0,19,1,0,0,18,3,0.6,0,1
10/31/2023,15:00:23,-07:00,TM52919:21106,57.7067,-122.881,43.1,151.3,897,0,19,1,0,0,18,3,0.5,0,0
10/31/2023,15:00:24,-07:00,TM52919:21106,57.7067,-122.88,43.1,151.1,897,0,19,1,0,0,18,3,0.5,0,0
10/31/2023,15:00:25,-07:00,TM52919:21106,57.7065,-122.88,43,149.7,897,0,19,1,0,0,18,3,15.1,0,0
10/31/2023,15:00:26,-07:00,TM52919:21106,57.7063,-122.88,42.8,146,898,0,19,1,0,0,18,3,17.1,0,0
10/31/2023,15:00:26,-07:00,TM52919:21106,57.7063,-122.88,42.4,142.5,898,0,19,1,0,0,18,3,19.3,0,0
10/31/2023,15:00:27,-07:00,TM52919:21106,57.7061,-122.88,41.8,136.9,900,0,19,1,0,0,18,3,24.7,0,0
10/31/2023,15:00:28,-07:00,TM52919:21106,57.706,-122.879,40.5,134.2,901,0,19,1,0,0,18,3,30.9,0,0
10/31/2023,15:00:29,-07:00,TM52919:21106,57.7059,-122.879,37.5,137.9,903,0,18,1,0,0,18,3,35.8,0,0
10/31/2023,15:00:30,-07:00,TM52919:21106,57.7057,-122.879,32.3,150.5,906,0,18,1,0,0,18,3,36.4,0,0
10/31/2023,15:00:31,-07:00,TM52919:21106,57.7057,-122.879,28.2,162.7,910,0,18,1,0,0,18,3,34.2,0,0
10/31/2023,15:00:32,-07:00,TM52919:21106,57.7055,-122.879,20.5,197.7,914,0,18,1,0,0,18,3,25.4,0,0
10/31/2023,15:00:32,-07:00,TM52919:21106,57.7055,-122.879,18.6,213,914,0,18,1,0,0,18,3,21.8,0,0
10/31/2023,15:00:34,-07:00,TM52919:21106,57.7055,-122.879,16.3,262.9,917,0,18,1,0,0,18,3,12,0,0
10/31/2023,15:00:34,-07:00,TM52919:21106,57.7055,-122.879,16.5,278,917,0,18,1,0,0,18,3,9.5,0,0
10/31/2023,15:00:35,-07:00,TM52919:21106,57.7056,-122.88,21.1,314,915,0,18,1.1,0,0,18,3,4.2,0,0
10/31/2023,15:00:36,-07:00,TM52919:21106,57.7056,-122.88,22.2,316.8,915,0,18,1.1,0,0,18,3,3.8,0,0
10/31/2023,15:00:37,-07:00,TM52919:21106,57.7057,-122.88,28.2,325.7,906,0,18,1.1,0,0,18,3,1.9,0,0
10/31/2023,15:00:38,-07:00,TM52919:21106,57.7059,-122.88,32.4,329.8,902,0,18,1.1,0,0,18,3,1.4,0,0
10/31/2023,15:00:38,-07:00,TM52919:21106,57.7059,-122.88,33.1,330.4,902,0,18,1.1,0,0,18,3,1.4,0,0
10/31/2023,15:00:39,-07:00,TM52919:21106,57.7061,-122.88,36.5,332.3,899,0,18,1.1,0,0,18,3,1.8,0,0
10/31/2023,15:00:40,-07:00,TM52919:21106,57.7062,-122.88,38.7,331.4,897,0,18,1.1,0,0,18,3,1.8,0,0
10/31/2023,15:00:41,-07:00,TM52919:21106,57.7064,-122.88,40.3,330,896,0,18,1.1,0,0,18,3,1.3,0,0
10/31/2023,15:00:42,-07:00,TM52919:21106,57.7065,-122.881,41.7,330.1,895,0,18,1.1,0,0,18,3,0.7,0,0
10/31/2023,15:00:42,-07:00,TM52919:21106,57.7066,-122.881,42,330.3,895,1,18,1.1,0,0,18,3,0.7,1,1
10/31/2023,15:00:44,-07:00,TM52919:21106,57.7068,-122.881,42.7,330.9,895,1,18,1.1,0,0,18,3,0.5,1,1
10/31/2023,15:00:45,-07:00,TM52919:21106,57.707,-122.881,42.9,330.2,894,1,18,1.1,0,0,18,3,0.1,1,1
10/31/2023,15:00:45,-07:00,TM52919:21106,57.7071,-122.881,43,330.3,894,1,18,1.1,0,0,18,3,0.2,1,1
10/31/2023,15:00:45,-07:00,TM52919:21106,57.7071,-122.881,43,330.4,894,1,18,1.1,0,0,18,3,0.3,0,0
10/31/2023,15:00:46,-07:00,TM52919:21106,57.7071,-122.881,43,330.5,894,1,18,1.1,0,0,18,3,0.3,0,0
10/31/2023,15:00:46,-07:00,TM52919:21106,57.7072,-122.881,43,330.7,894,0,18,1.1,0,0,18,3,0.3,0,0
10/31/2023,15:00:47,-07:00,TM52919:21106,57.7074,-122.881,42.9,331.2,894,0,19,1,0,0,18,3,0.4,0,0
10/31/2023,15:00:48,-07:00,TM52919:21106,57.7075,-122.882,42.4,330.6,894,0,19,1,0,0,18,3,0.7,0,0
10/31/2023,15:00:49,-07:00,TM52919:21106,57.7077,-122.882,41.9,330.5,895,0,19,1,0,0,18,3,1,0,0
10/31/2023,15:00:49,-07:00,TM52919:21106,57.7077,-122.882,41.8,330.6,895,1,19,1,0,0,18,3,1.1,1,1
10/31/2023,15:00:50,-07:00,TM52919:21106,57.7079,-122.882,41.1,330.2,895,1,19,1,0,0,18,3,1.5,1,1
10/31/2023,15:00:51,-07:00,TM52919:21106,57.7081,-122.882,40.7,330.2,896,1,19,1,0,0,18,3,2,1,1
10/31/2023,15:00:52,-07:00,TM52919:21106,57.7082,-122.882,40.6,330.8,896,1,18,1.1,0,0,18,3,2.1,0,1
10/31/2023,15:00:52,-07:00,TM52919:21106,57.7082,-122.882,40.6,330.9,896,1,18,1.1,0,0,18,3,2.1,0,0
10/31/2023,15:00:52,-07:00,TM52919:21106,57.7083,-122.882,40.6,331.2,896,1,18,1.1,0,0,18,3,2.1,0,0
10/31/2023,15:00:53,-07:00,TM52919:21106,57.7083,-122.882,40.6,331.5,896,0,18,1.1,0,0,18,3,2.1,0,0
10/31/2023,15:00:53,-07:00,TM52919:21106,57.7083,-122.882,40.7,331.7,897,0,18,1.1,0,0,18,3,2,1,1
10/31/2023,15:00:53,-07:00,TM52919:21106,57.7084,-122.883,40.6,332,897,1,18,1.1,0,0,18,3,1.9,1,1
10/31/2023,15:00:54,-07:00,TM52919:21106,57.7085,-122.883,40.4,332.5,897,1,19,1,0,0,18,3,1.5,1,1
10/31/2023,15:00:55,-07:00,TM52919:21106,57.7087,-122.883,40,331.4,898,1,18,1,0,0,18,3,1.4,1,1
10/31/2023,15:00:56,-07:00,TM52919:21106,57.7089,-122.883,39.5,331.4,899,1,19,1,0,0,18,3,1.5,1,1
10/31/2023,15:00:57,-07:00,TM52919:21106,57.709,-122.883,39.1,332,900,1,18,1,0,0,18,3,1.3,1,1
10/31/2023,15:00:57,-07:00,TM52919:21106,57.7091,-122.883,38.7,332.1,900,1,18,1,0,0,18,3,1.2,0,1
10/31/2023,15:00:58,-07:00,TM52919:21106,57.7091,-122.883,38.3,332.2,900,1,18,1,0,0,18,3,1.1,0,0
10/31/2023,15:00:58,-07:00,TM52919:21106,57.7091,-122.883,38.1,332.1,901,1,19,1,0,0,18,3,1,0,0
10/31/2023,15:00:58,-07:00,TM52919:21106,57.7092,-122.883,37.9,332.2,901,0,19,1,0,0,18,3,1,0,0
10/31/2023,15:00:59,-07:00,TM52919:21106,57.7094,-122.883,36.4,333.4,903,0,18,1,0,0,18,3,14.6,0,0
10/31/2023,15:01:00,-07:00,TM52919:21106,57.7095,-122.884,35.7,337.9,905,0,18,1,0,0,18,3,16.6,0,0
10/31/2023,15:01:00,-07:00,TM52919:21106,57.7095,-122.884,35.6,339.1,905,0,18,1,0,0,18,3,17.2,0,0
10/31/2023,15:01:02,-07:00,TM52919:21106,57.7097,-122.884,34.8,344.6,907,0,18,1,0,0,18,3,22,0,0
10/31/2023,15:01:03,-07:00,TM52919:21106,57.7099,-122.884,32.5,344.2,910,0,19,1,0,0,18,3,25.9,0,0
10/31/2023,15:01:04,-07:00,TM52919:21106,57.71,-122.884,27.4,334.7,912,0,19,1,0,0,18,3,27,0,0
10/31/2023,15:01:04,-07:00,TM52919:21106,57.71,-122.884,23.5,324.3,916,0,18,1,0,0,18,3,25.7,0,0
10/31/2023,15:01:05,-07:00,TM52919:21106,57.7101,-122.884,17.5,298.9,919,0,19,1,0,0,18,3,20.9,0,0
10/31/2023,15:01:06,-07:00,TM52919:21106,57.7101,-122.884,15.6,286.3,919,0,19,1,0,0,18,3,18.4,0,0
10/31/2023,15:01:07,-07:00,TM52919:21106,57.7101,-122.884,12.6,245.4,921,0,18,1,0,0,18,3,10.5,0,0
10/31/2023,15:01:07,-07:00,TM52919:21106,57.71,-122.884,12.9,228,921,0,18,1,0,0,18,3,8,0,0
10/31/2023,15:01:08,-07:00,TM52919:21106,57.7099,-122.884,17.3,179.2,920,0,19,1,0,0,18,3,2.8,0,0
10/31/2023,15:01:09,-07:00,TM52919:21106,57.7099,-122.884,19.1,171.6,917,0,19,1,0,0,18,3,1.6,0,0
10/31/2023,15:01:10,-07:00,TM52919:21106,57.7098,-122.884,26.1,159.7,914,0,19,1,0,0,18,3,0.7,0,0
10/31/2023,15:01:11,-07:00,TM52919:21106,57.7096,-122.884,30.4,152.7,912,0,19,1,0,0,18,3,1.2,0,0
10/31/2023,15:01:11,-07:00,TM52919:21106,57.7096,-122.884,31.1,151.2,912,0,19,1,0,0,18,3,1.1,0,0
10/31/2023,15:01:12,-07:00,TM52919:21106,57.7095,-122.884,34.4,147.2,910,0,19,1,0,0,18,3,0.6,0,0
10/31/2023,15:01:14,-07:00,TM52919:21106,57.7093,-122.884,36.8,148.5,908,0,19,1,0,0,18,3,1.9,0,0
10/31/2023,15:01:15,-07:00,TM52919:21106,57.7091,-122.883,38.5,149.5,907,0,19,1,0,0,18,3,2.5,0,0
10/31/2023,15:01:16,-07:00,TM52919:21106,57.709,-122.883,39.9,150.6,906,0,19,1,0,0,18,3,2.8,0,0
10/31/2023,15:01:16,-07:00,TM52919:21106,57.7089,-122.883,40.1,150.8,906,0,19,1,0,0,18,3,2.8,0,1
10/31/2023,15:01:16,-07:00,TM52919:21106,57.7089,-122.883,40.3,150.9,906,1,19,1,0,0,18,3,2.9,1,1
10/31/2023,15:01:17,-07:00,TM52919:21106,57.7087,-122.883,41.1,151.4,904,1,19,1,0,0,18,3,2.9,1,1
10/31/2023,15:01:18,-07:00,TM52919:21106,57.7086,-122.883,41.9,152.5,903,1,19,1,0,0,18,3,2.5,1,1
10/31/2023,15:01:19,-07:00,TM52919:21106,57.7084,-122.883,42.5,153.4,901,1,19,1,0,0,18,3,1.7,1,1
10/31/2023,15:01:19,-07:00,TM52919:21106,57.7084,-122.883,42.5,153.4,901,1,19,1,0,0,18,3,1.6,0,1
10/31/2023,15:01:19,-07:00,TM52919:21106,57.7083,-122.883,42.5,153.1,901,1,19,1,0,0,18,3,1.5,0,0
10/31/2023,15:01:20,-07:00,TM52919:21106,57.7083,-122.883,42.5,153.2,901,0,19,1,0,0,18,3,1.3,0,0
10/31/2023,15:01:20,-07:00,TM52919:21106,57.7083,-122.883,42.6,153.2,900,0,19,1,0,0,18,3,1.2,0,0
10/31/2023,15:01:20,-07:00,TM52919:21106,57.7082,-122.883,42.6,153.1,900,1,19,1,0,0,18,3,1.1,1,1
10/31/2023,15:01:21,-07:00,TM52919:21106,57.708,-122.882,42.8,152.2,899,1,19,1,0,0,18,3,0.7,1,1
10/31/2023,15:01:22,-07:00,TM52919:21106,57.7078,-122.882,43,152.4,898,1,19,1,0,0,18,3,0.3,1,1
10/31/2023,15:01:23,-07:00,TM52919:21106,57.7076,-122.882,42.9,152.1,897,1,19,1,0,0,18,3,0,0,1
10/31/2023,15:01:24,-07:00,TM52919:21106,57.7076,-122.882,42.9,151.8,897,1,19,1,0,0,18,3,0.1,0,1
10/31/2023,15:01:24,-07:00,TM52919:21106,57.7075,-122.882,42.9,152,897,0,19,1,0,0,18,3,0.1,0,0
10/31/2023,15:01:25,-07:00,TM52919:21106,57.7073,-122.882,43,151.9,896,0,19,1,0,0,18,3,0.3,0,0
10/31/2023,15:01:26,-07:00,TM52919:21106,57.7072,-122.882,42.8,151.3,895,0,19,1,0,0,18,3,0.3,0,0
10/31/2023,15:01:26,-07:00,TM52919:21106,57.7071,-122.881,42.6,151.1,895,0,19,1,0,0,18,3,0.2,0,0
10/31/2023,15:01:27,-07:00,TM52919:21106,57.7071,-122.881,42.7,151.1,895,1,19,1,0,0,18,3,0.2,0,1
10/31/2023,15:01:27,-07:00,TM52919:21106,57.707,-122.881,42.7,151.3,895,1,19,1,0,0,18,3,0.2,1,1
10/31/2023,15:01:28,-07:00,TM52919:21106,57.7068,-122.881,42.9,151.7,894,1,19,1,0,0,18,3,0.3,1,1
10/31/2023,15:01:29,-07:00,TM52919:21106,57.7067,-122.881,43.1,151,894,1,19,1,0,0,18,3,0.2,1,1
10/31/2023,15:01:30,-07:00,TM52919:21106,57.7065,-122.881,43.3,150.6,894,1,19,1,0,0,18,3,0,0,1
10/31/2023,15:01:30,-07:00,TM52919:21106,57.7065,-122.881,43.3,150.6,894,1,19,1,0,0,18,3,0.1,0,0
10/31/2023,15:01:30,-07:00,TM52919:21106,57.7065,-122.881,43.4,150.5,894,0,19,1,0,0,18,3,0.2,0,0
10/31/2023,15:01:31,-07:00,TM52919:21106,57.7063,-122.881,43.6,149.8,894,0,19,1,0,0,18,3,15.9,0,0
10/31/2023,15:01:32,-07:00,TM52919:21106,57.7061,-122.88,43,146.1,894,0,19,1,0,0,18,3,17.8,0,0
10/31/2023,15:01:33,-07:00,TM52919:21106,57.706,-122.88,42.3,142.2,896,0,19,1,0,0,18,3,20.1,0,0
10/31/2023,15:01:34,-07:00,TM52919:21106,57.7059,-122.88,40.6,135.9,898,0,19,1,0,0,18,3,25.6,0,0
10/31/2023,15:01:35,-07:00,TM52919:21106,57.7058,-122.88,39.1,133.4,898,0,19,1,0,0,18,3,30.8,0,0
10/31/2023,15:01:36,-07:00,TM52919:21106,57.7056,-122.88,35.2,137,903,0,18,1,0,0,18,3,36.8,0,0
10/31/2023,15:01:37,-07:00,TM52919:21106,57.7055,-122.879,30.1,150.1,906,0,19,1,0,0,18,3,37.4,0,0
10/31/2023,15:01:37,-07:00,TM52919:21106,57.7055,-122.879,27.7,157.9,906,0,19,1,0,0,18,3,36.3,0,0
10/31/2023,15:01:38,-07:00,TM52919:21106,57.7054,-122.879,20.3,192.5,910,0,18,1,0,0,18,3,28.6,0,0
10/31/2023,15:01:39,-07:00,TM52919:21106,57.7053,-122.879,18.7,207.6,914,0,18,1,0,0,18,3,25.1,0,0
10/31/2023,15:01:40,-07:00,TM52919:21106,57.7053,-122.88,16.9,257.7,916,0,18,1,0,0,18,3,14.7,0,0
10/31/2023,15:01:41,-07:00,TM52919:21106,57.7053,-122.88,17.8,280.4,916,0,18,1,0,0,18,3,10.6,0,0
10/31/2023,15:01:42,-07:00,TM52919:21106,57.7054,-122.88,21.9,311.7,912,0,18,1.3,0,0,18,3,5.6,0,0
10/31/2023,15:01:42,-07:00,TM52919:21106,57.7054,-122.88,23.8,318,912,0,18,1.3,0,0,18,3,4.7,0,0
10/31/2023,15:01:43,-07:00,TM52919:21106,57.7056,-122.88,30.5,327.7,907,0,18,1.3,0,0,18,3,3.4,0,0
10/31/2023,15:01:44,-07:00,TM52919:21106,57.7057,-122.88,35,330.9,902,0,18,1.3,0,0,18,3,3.2,0,0
10/31/2023,15:01:45,-07:00,TM52919:21106,57.7058,-122.88,36.9,331.4,898,0,18,1.1,0,0,18,3,3.2,0,0
10/31/2023,15:01:46,-07:00,TM52919:21106,57.706,-122.881,39.2,330.6,896,0,18,1.1,0,0,18,3,3,0,0
10/31/2023,15:01:47,-07:00,TM52919:21106,57.7061,-122.881,40.4,330.5,894,0,18,1.1,0,0,18,3,2.6,0,0
10/31/2023,15:01:48,-07:00,TM52919:21106,57.7063,-122.881,42,331,894,0,18,1.1,0,0,18,3,2.4,0,0
10/31/2023,15:01:49,-07:00,TM52919:21106,57.7065,-122.881,42.9,331.3,894,0,19,1.1,0,0,18,3,2.4,0,0
10/31/2023,15:01:50,-07:00,TM52919:21106,57.7066,-122.881,43,331.4,894,0,19,1.1,0,0,18,3,2.4,1,1
10/31/2023,15:01:50,-07:00,TM52919:21106,57.7066,-122.881,43.1,331.5,893,1,19,1.1,0,0,18,3,2.4,1,1
10/31/2023,15:01:51,-07:00,TM52919:21106,57.7068,-122.881,43.1,331.5,893,1,19,1.1,0,0,18,3,2.5,1,1
10/31/2023,15:01:52,-07:00,TM52919:21106,57.707,-122.882,43.3,330.3,894,1,19,1.1,0,0,18,3,2.1,1,1
10/31/2023,15:01:53,-07:00,TM52919:21106,57.7071,-122.882,43.5,330.2,894,1,19,1.1,0,0,18,3,1.6,0,1
10/31/2023,15:01:53,-07:00,TM52919:21106,57.7072,-122.882,43.6,330.3,894,1,19,1.1,0,0,18,3,1.5,0,0
10/31/2023,15:01:53,-07:00,TM52919:21106,57.7072,-122.882,43.7,330.5,894,0,19,1.1,0,0,18,3,1.4,0,0
10/31/2023,15:01:55,-07:00,TM52919:21106,57.7074,-122.882,43.8,330.8,895,0,19,1.1,0,0,18,3,1.2,0,0
10/31/2023,15:01:55,-07:00,TM52919:21106,57.7075,-122.882,43.7,330.7,895,0,19,1.1,0,0,18,3,1.1,0,0
10/31/2023,15:01:55,-07:00,TM52919:21106,57.7075,-122.882,43.7,330.7,895,1,19,1.1,0,0,18,3,1.1,1,1
10/31/2023,15:01:56,-07:00,TM52919:21106,57.7077,-122.882,43.3,330,895,1,19,1.1,0,0,18,3,0.5,1,1
10/31/2023,15:01:57,-07:00,TM52919:21106,57.7078,-122.883,42.8,329.8,896,1,19,1,0,0,18,3,0.1,1,1
10/31/2023,15:01:58,-07:00,TM52919:21106,57.708,-122.883,42.4,330.7,897,1,19,1,0,0,18,3,0.4,1,1
10/31/2023,15:01:59,-07:00,TM52919:21106,57.7082,-122.883,42,331.1,898,1,19,1,0,0,18,3,0.5,1,1
10/31/2023,15:01:59,-07:00,TM52919:21106,57.7082,-122.883,41.9,331.1,898,1,19,1,0,0,18,3,0.5,0,1
10/31/2023,15:01:59,-07:00,TM52919:21106,57.7082,-122.883,41.8,331.1,898,1,19,1,0,0,18,3,0.5,0,0
10/31/2023,15:02:00,-07:00,TM52919:21106,57.7083,-122.883,41.7,331.1,898,0,19,1,0,0,18,3,0.5,0,0
10/31/2023,15:02:00,-07:00,TM52919:21106,57.7083,-122.883,41.7,331,898,0,19,1,0,0,18,3,0.6,0,0
10/31/2023,15:02:00,-07:00,TM52919:21106,57.7083,-122.883,41.6,330.9,898,0,19,1,0,0,18,3,0.6,1,1
10/31/2023,15:02:00,-07:00,TM52919:21106,57.7084,-122.883,41.6,330.8,898,1,19,1,0,0,18,3,0.7,1,1
10/31/2023,15:02:01,-07:00,TM52919:21106,57.7086,-122.883,41.5,330.9,900,1,19,1,0,0,18,3,0.9,1,1
10/31/2023,15:02:02,-07:00,TM52919:21106,57.7087,-122.883,41.4,331.2,901,1,19,1,0,0,18,3,1,0,1
10/31/2023,15:02:02,-07:00,TM52919:21106,57.7088,-122.883,41.3,331.2,901,1,19,1,0,0,18,3,1,0,0
10/31/2023,15:02:03,-07:00,TM52919:21106,57.7088,-122.883,41.2,331.2,901,0,19,1,0,0,18,3,1,0,0
10/31/2023,15:02:04,-07:00,TM52919:21106,57.7089,-122.884,40.6,331.3,902,0,19,1,0,0,18,3,1.1,0,0
10/31/2023,15:02:05,-07:00,TM52919:21106,57.7091,-122.884,39.8,333.8,903,0,19,1,0,0,18,3,0.3,0,0
10/31/2023,15:02:05,-07:00,TM52919:21106,57.7092,-122.884,39.3,339.3,905,0,19,1.1,0,0,18,3,1.9,0,0
10/31/2023,15:02:06,-07:00,TM52919:21106,57.7094,-122.884,38.5,349.5,907,0,19,1.1,0,0,18,3,7.9,0,0
10/31/2023,15:02:07,-07:00,TM52919:21106,57.7095,-122.884,38,354.5,909,0,19,1,0,0,18,3,11.4,0,0
10/31/2023,15:02:08,-07:00,TM52919:21106,57.7097,-122.884,36.8,11.2,911,0,19,1.1,0,0,18,3,25.4,0,0
10/31/2023,15:02:08,-07:00,TM52919:21106,57.7097,-122.884,36.7,14.1,911,0,19,1.1,0,0,18,3,28.2,0,0
10/31/2023,15:02:09,-07:00,TM52919:21106,57.7099,-122.884,36,29.9,914,0,19,1.1,0,0,18,3,46.8,0,0
10/31/2023,15:02:10,-07:00,TM52919:21106,57.7099,-122.884,35.9,32.6,914,0,19,1.1,0,0,18,3,50.2,0,0
10/31/2023,15:02:11,-07:00,TM52919:21106,57.7101,-122.883,35.3,46.4,919,0,19,1.1,0,0,18,3,71.2,0,0
10/31/2023,15:02:11,-07:00,TM52919:21106,57.7101,-122.883,35.1,48.2,919,0,19,1.1,0,0,18,3,74.7,0,0
10/31/2023,15:02:12,-07:00,TM52919:21106,57.7102,-122.883,34.4,58.2,921,0,19,1,0,0,18,3,96,0,0
10/31/2023,15:02:13,-07:00,TM52919:21106,57.7103,-122.883,34.2,60,923,0,19,1,0,0,18,3,113.6,0,0
10/31/2023,15:02:14,-07:00,TM52919:21106,57.7104,-122.883,33.2,53.2,925,0,19,1.1,0,0,18,3,130.6,0,0
10/31/2023,15:02:15,-07:00,TM52919:21106,57.7105,-122.882,31.2,40,927,0,19,1.1,0,0,18,3,145.7,0,0
10/31/2023,15:02:15,-07:00,TM52919:21106,57.7105,-122.882,30.7,36.9,927,0,19,1.1,0,0,18,3,148.4,0,0
10/31/2023,15:02:17,-07:00,TM52919:21106,57.7106,-122.882,28,14.1,930,0,19,1.1,0,0,18,3,160.9,0,0
10/31/2023,15:02:17,-07:00,TM52919:21106,57.7107,-122.882,27.7,9.7,932,0,19,1.1,0,0,18,3,162.4,0,0
10/31/2023,15:02:18,-07:00,TM52919:21106,57.7108,-122.882,27.1,343.6,934,0,19,1.1,0,0,18,3,166.7,0,0
10/31/2023,15:02:18,-07:00,TM52919:21106,57.7108,-122.882,27.3,339.5,934,0,19,1.1,0,0,18,3,166.8,0,0
10/31/2023,15:02:19,-07:00,TM52919:21106,57.711,-122.883,30.1,318.9,935,0,19,1.1,0,0,18,3,163.3,0,0
10/31/2023,15:02:20,-07:00,TM52919:21106,57.711,-122.883,30.6,316.8,935,0,19,1.1,0,0,18,3,162.3,0,0
10/31/2023,15:02:21,-07:00,TM52919:21106,57.7111,-122.883,34.2,308.9,933,0,19,1,0,0,18,3,154.3,0,0
10/31/2023,15:02:22,-07:00,TM52919:21106,57.7112,-122.883,36.1,310.3,933,0,19,1,0,0,18,3,147.5,0,0
10/31/2023,15:02:23,-07:00,TM52919:21106,57.7114,-122.883,35.5,318.7,934,0,19,1,0,0,18,3,142,0,0
10/31/2023,15:02:23,-07:00,TM52919:21106,57.7114,-122.883,35.1,320.9,934,0,19,1,0,0,18,3,141.6,0,0
10/31/2023,15:02:24,-07:00,TM52919:21106,57.7115,-122.884,30.8,338.9,936,0,19,1,0,0,18,3,143.3,0,0
10/31/2023,15:02:25,-07:00,TM52919:21106,57.7116,-122.884,28.8,346.6,938,0,19,1,0,0,18,3,145.3,0,0
10/31/2023,15:02:26,-07:00,TM52919:21106,57.7117,-122.883,22.9,17.2,942,0,19,1.1,0,0,18,3,155,0,0
10/31/2023,15:02:26,-07:00,TM52919:21106,57.7117,-122.883,22.1,23.1,942,0,19,1.1,0,0,18,3,156.9,0,0
10/31/2023,15:02:27,-07:00,TM52919:21106,57.7118,-122.883,18.9,57.1,944,0,20,1,0,0,18,3,166.8,0,0
10/31/2023,15:02:28,-07:00,TM52919:21106,57.7118,-122.883,18.1,78.1,944,0,20,1,0,0,18,3,172.1,0,0
10/31/2023,15:02:29,-07:00,TM52919:21106,57.7118,-122.883,20.6,112.6,942,0,19,1,0,0,18,3,180.4,0,0
10/31/2023,15:02:29,-07:00,TM52919:21106,57.7117,-122.883,21.4,116.9,942,0,19,1,0,0,18,3,181.5,0,0
10/31/2023,15:02:30,-07:00,TM52919:21106,57.7116,-122.883,26.3,134.2,939,0,19,1,0,0,18,3,186.5,0,0
10/31/2023,15:02:31,-07:00,TM52919:21106,57.7116,-122.883,29.5,138.6,936,0,19,1,0,0,18,3,189.1,0,0
10/31/2023,15:02:32,-07:00,TM52919:21106,57.7114,-122.882,33.1,141.2,934,0,19,1,0,0,18,3,192.8,0,0
10/31/2023,15:02:34,-07:00,TM52919:21106,57.7113,-122.882,35.6,141.4,932,0,19,1,0,0,18,3,196.5,0,0
10/31/2023,15:02:35,-07:00,TM52919:21106,57.7111,-122.882,37.2,141.7,932,0,19,1,0,0,18,3,200.4,0,0
10/31/2023,15:02:36,-07:00,TM52919:21106,57.711,-122.882,38.1,142.6,933,0,19,1,0,0,18,3,203.4,0,0
10/31/2023,15:02:37,-07:00,TM52919:21106,57.7108,-122.882,39.4,143.7,934,0,19,1,0,0,18,3,207.2,0,0
10/31/2023,15:02:37,-07:00,TM52919:21106,57.7107,-122.881,39.7,143.7,934,0,19,1,0,0,18,3,207.8,0,1
10/31/2023,15:02:38,-07:00,TM52919:21106,57.7107,-122.881,40,143.8,934,0,19,1,0,0,18,3,208.3,0,1
10/31/2023,15:02:38,-07:00,TM52919:21106,57.7106,-122.881,41.1,143.7,935,0,19,1,0,0,18,3,210.6,0,1
10/31/2023,15:02:39,-07:00,TM52919:21106,57.7106,-122.881,41.3,143.6,935,1,19,1,0,0,18,3,211.2,0,1
10/31/2023,15:02:40,-07:00,TM52919:21106,57.7104,-122.881,43.2,144.7,935,1,19,1,0,0,18,3,214.4,0,1
10/31/2023,15:02:41,-07:00,TM52919:21106,57.7102,-122.881,44.9,147.1,934,1,20,1,0,0,18,3,216.7,0,1
10/31/2023,15:02:42,-07:00,TM52919:21106,57.71,-122.881,45.8,149.6,932,1,20,1,0,0,18,3,217.2,0,1
10/31/2023,15:02:43,-07:00,TM52919:21106,57.7098,-122.88,46,152.6,931,1,19,1,0,0,18,3,216.8,0,1
10/31/2023,15:02:44,-07:00,TM52919:21106,57.7096,-122.88,45.6,159.1,930,1,19,1,0,0,18,3,214,0,1
10/31/2023,15:02:44,-07:00,TM52919:21106,57.7096,-122.88,45.3,161.1,930,1,19,1,0,0,18,3,212.9,0,1
10/31/2023,15:02:45,-07:00,TM52919:21106,57.7094,-122.88,44.7,172.4,930,1,18,1,0,0,18,3,204.8,0,1
10/31/2023,15:02:45,-07:00,TM52919:21106,57.7093,-122.88,44.8,176.3,930,1,18,1,0,0,18,3,200.5,0,1
10/31/2023,15:02:46,-07:00,TM52919:21106,57.7091,-122.88,45.5,184.8,929,1,20,1,0,0,18,3,187.7,0,1
10/31/2023,15:02:47,-07:00,TM52919:21106,57.709,-122.88,46.5,188.8,927,1,19,1,0,0,18,3,178.7,0,1
10/31/2023,15:02:48,-07:00,TM52919:21106,57.7087,-122.88,48,192.4,925,1,19,1,0,0,18,3,162.5,0,1
10/31/2023,15:02:49,-07:00,TM52919:21106,57.7085,-122.88,48.9,192.4,922,1,19,1,0,0,18,3,142.6,0,1
10/31/2023,15:02:50,-07:00,TM52919:21106,57.7083,-122.881,49,191.9,920,1,19,1,0,0,18,3,126.2,0,1
10/31/2023,15:02:51,-07:00,TM52919:21106,57.708,-122.881,49.3,192.5,919,1,19,1,0,0,18,3,109.6,0,1
10/31/2023,15:02:51,-07:00,TM52919:21106,57.708,-122.881,49.3,192.6,919,1,19,1,0,0,18,3,106.2,0,1
10/31/2023,15:02:52,-07:00,TM52919:21106,57.7079,-122.881,49.4,192.6,919,1,19,1,0,0,18,3,102.9,0,0
10/31/2023,15:02:52,-07:00,TM52919:21106,57.7079,-122.881,49.4,192.6,918,1,19,1,0,0,18,3,99.6,0,0
10/31/2023,15:02:52,-07:00,TM52919:21106,57.7079,-122.881,49.4,192.5,918,0,19,1,0,0,18,3,96.2,0,0
10/31/2023,15:02:52,-07:00,TM52919:21106,57.7078,-122.881,49.3,192.4,918,0,19,1,0,0,18,3,92.9,0,0
10/31/2023,15:02:52,-07:00,TM52919:21106,57.7078,-122.881,49.3,192.2,918,0,19,1,0,0,18,3,89.6,0,1
10/31/2023,15:02:53,-07:00,TM52919:21106,57.7075,-122.881,49.2,192.3,918,0,19,1,0,0,18,3,73.2,0,1
10/31/2023,15:02:55,-07:00,TM52919:21106,57.7073,-122.881,49.8,195.6,917,0,19,1,0,0,18,3,52,0,1
10/31/2023,15:02:55,-07:00,TM52919:21106,57.7071,-122.881,50.3,197.8,917,0,19,1,0,0,18,3,36.9,0,1
10/31/2023,15:02:56,-07:00,TM52919:21106,57.7069,-122.881,51.2,200.9,916,0,19,1,0,0,18,3,17,0,1
10/31/2023,15:02:57,-07:00,TM52919:21106,57.7067,-122.881,52.3,204,914,0,19,1,0,0,18,3,4.3,1,1
10/31/2023,15:02:58,-07:00,TM52919:21106,57.7066,-122.881,52.7,204.9,912,0,19,1,0,0,18,3,13.1,0,1
10/31/2023,15:02:58,-07:00,TM52919:21106,57.7065,-122.882,52.8,205.4,912,0,19,1,0,0,18,3,17.6,0,1
10/31/2023,15:02:58,-07:00,TM52919:21106,57.7065,-122.882,53,205.8,912,0,19,1,0,0,18,3,22.1,0,0
10/31/2023,15:02:59,-07:00,TM52919:21106,57.7062,-122.882,52.4,206.6,909,0,19,1,0,0,18,3,48.9,0,0
10/31/2023,15:03:01,-07:00,TM52919:21106,57.706,-122.882,48,201.2,908,0,19,1,0,0,18,3,72.2,0,0
10/31/2023,15:03:01,-07:00,TM52919:21106,57.7059,-122.882,45.9,197.6,910,0,19,1,0,0,18,3,78.6,0,0
10/31/2023,15:03:02,-07:00,TM52919:21106,57.7057,-122.882,41,187.2,912,0,19,1,0,0,18,3,88.2,0,0
10/31/2023,15:03:02,-07:00,TM52919:21106,57.7057,-122.882,38.5,180.7,912,0,19,1,0,0,18,3,91.4,0,0
10/31/2023,15:03:03,-07:00,TM52919:21106,57.7055,-122.882,31.4,154.9,916,0,20,1,0,0,18,3,93.8,0,0
10/31/2023,15:03:04,-07:00,TM52919:21106,57.7055,-122.882,30.6,149.9,916,0,20,1,0,0,18,3,93.2,0,0
10/31/2023,15:03:05,-07:00,TM52919:21106,57.7054,-122.882,26.6,120.4,920,0,19,1,0,0,18,3,85.4,0,0
10/31/2023,15:03:05,-07:00,TM52919:21106,57.7054,-122.882,26.2,115.5,920,0,19,1,0,0,18,3,83.5,0,0
10/31/2023,15:03:06,-07:00,TM52919:21106,57.7054,-122.881,25.1,84.5,919,0,19,1.1,0,0,18,3,69.6,0,0
10/31/2023,15:03:06,-07:00,TM52919:21106,57.7054,-122.881,25.1,79.4,919,0,19,1.1,0,0,18,3,67,0,0
10/31/2023,15:03:08,-07:00,TM52919:21106,57.7055,-122.881,26.7,51.4,918,0,19,1.1,0,0,18,3,50.7,0,0
10/31/2023,15:03:08,-07:00,TM52919:21106,57.7055,-122.881,27.1,47.6,916,0,19,1.1,0,0,18,3,48,0,0
10/31/2023,15:03:09,-07:00,TM52919:21106,57.7057,-122.881,30.9,31.2,913,0,19,1.1,0,0,18,3,31.6,0,0
10/31/2023,15:03:10,-07:00,TM52919:21106,57.7057,-122.881,33.2,26.5,913,0,19,1.1,0,0,18,3,23.2,0,0
10/31/2023,15:03:11,-07:00,TM52919:21106,57.7059,-122.881,37,18.7,907,0,19,1.1,0,0,18,3,6.4,0,0
10/31/2023,15:03:12,-07:00,TM52919:21106,57.7061,-122.881,39.4,14,905,0,19,1.1,0,0,18,3,7.4,0,0
10/31/2023,15:03:13,-07:00,TM52919:21106,57.7063,-122.881,40.4,8.3,903,0,19,1.1,0,0,18,3,20,0,0
10/31/2023,15:03:14,-07:00,TM52919:21106,57.7064,-122.881,40.6,3,903,0,19,1.1,0,0,18,3,28.7,0,0
10/31/2023,15:03:14,-07:00,TM52919:21106,57.7065,-122.881,40.8,1.1,902,0,19,1.1,0,0,18,3,32.7,0,0
10/31/2023,15:03:14,-07:00,TM52919:21106,57.7066,-122.881,41,0.4,902,0,19,1.1,0,0,18,3,34.7,0,1
10/31/2023,15:03:14,-07:00,TM52919:21106,57.7066,-122.881,41.1,359.8,902,1,19,1.1,0,0,18,3,36.6,0,1
10/31/2023,15:03:15,-07:00,TM52919:21106,57.7067,-122.881,41.8,357,901,1,19,1,0,0,18,3,44,0,1
10/31/2023,15:03:15,-07:00,TM52919:21106,57.7068,-122.881,42,356.3,901,1,19,1,0,0,18,3,45.8,0,0
10/31/2023,15:03:16,-07:00,TM52919:21106,57.7069,-122.881,42.3,354.1,900,1,19,1,0,0,18,3,50.7,0,0
10/31/2023,15:03:16,-07:00,TM52919:21106,57.7069,-122.881,42.3,353.5,900,1,19,1,0,0,18,3,52.2,0,1
10/31/2023,15:03:17,-07:00,TM52919:21106,57.7071,-122.881,42.4,352.2,900,1,19,1,0,0,18,3,60,0,1
10/31/2023,15:03:17,-07:00,TM52919:21106,57.7072,-122.881,42.4,352.1,900,1,19,1,0,0,18,3,61.5,0,1
10/31/2023,15:03:19,-07:00,TM52919:21106,57.7074,-122.881,41.9,351.6,900,1,19,1,0,0,18,3,70.4,0,1
10/31/2023,15:03:20,-07:00,TM52919:21106,57.7076,-122.881,41.3,350.8,901,1,19,1,0,0,18,3,77.5,0,1
10/31/2023,15:03:21,-07:00,TM52919:21106,57.7078,-122.881,40.5,347.6,903,1,19,1,0,0,18,3,83.4,0,1
10/31/2023,15:03:21,-07:00,TM52919:21106,57.7079,-122.881,39.9,343.4,904,1,19,1,0,0,18,3,85.8,0,1
10/31/2023,15:03:22,-07:00,TM52919:21106,57.708,-122.881,37.9,329.5,906,1,19,1,0,0,18,3,85.5,0,1
10/31/2023,15:03:23,-07:00,TM52919:21106,57.7081,-122.881,37,322.5,906,1,19,1,0,0,18,3,83.8,0,1
10/31/2023,15:03:23,-07:00,TM52919:21106,57.7081,-122.881,36.2,315.3,908,1,19,1,0,0,18,3,81.1,0,1
10/31/2023,15:03:23,-07:00,TM52919:21106,57.7081,-122.881,35.7,311.1,908,0,19,1,0,0,18,3,79.4,0,1
10/31/2023,15:03:24,-07:00,TM52919:21106,57.7082,-122.882,34.5,287.4,908,0,19,1,0,0,18,3,65.2,0,1
10/31/2023,15:03:25,-07:00,TM52919:21106,57.7082,-122.882,34.7,284.1,908,0,19,1,0,0,18,3,62.3,0,1
10/31/2023,15:03:26,-07:00,TM52919:21106,57.7082,-122.882,36.8,271.8,907,0,19,1,0,0,18,3,43,0,1
10/31/2023,15:03:27,-07:00,TM52919:21106,57.7082,-122.882,39.4,267,907,0,19,1,0,0,18,3,28.3,0,1
10/31/2023,15:03:28,-07:00,TM52919:21106,57.7082,-122.883,42.6,263.5,906,0,18,1.1,0,0,18,3,8.1,1,1
10/31/2023,15:03:29,-07:00,TM52919:21106,57.7082,-122.883,45.6,261.7,904,0,18,1.1,0,0,18,3,13.9,0,1
10/31/2023,15:03:30,-07:00,TM52919:21106,57.7081,-122.884,47.1,260.1,901,0,19,1,0,0,18,3,36.8,0,1
10/31/2023,15:03:30,-07:00,TM52919:21106,57.7081,-122.884,47.1,259.8,900,0,19,1,0,0,18,3,41.4,0,1
10/31/2023,15:03:30,-07:00,TM52919:21106,57.7081,-122.884,47.1,259.6,900,0,19,1,0,0,18,3,46,0,1
10/31/2023,15:03:30,-07:00,TM52919:21106,57.7081,-122.884,47,259.4,900,0,19,1,0,0,18,3,50.6,0,0
10/31/2023,15:03:31,-07:00,TM52919:21106,57.7081,-122.884,46.4,259.3,900,0,19,1,0,0,18,3,73.4,0,0
10/31/2023,15:03:32,-07:00,TM52919:21106,57.708,-122.885,45.3,260.8,902,0,19,1,0,0,18,3,99.8,0,0
10/31/2023,15:03:33,-07:00,TM52919:21106,57.708,-122.885,44,263.6,904,0,19,1,0,0,18,3,120.9,0,0
10/31/2023,15:03:34,-07:00,TM52919:21106,57.708,-122.885,43.5,265.2,906,0,19,1,0,0,18,3,128.9,0,0
10/31/2023,15:03:35,-07:00,TM52919:21106,57.708,-122.885,41,272.2,908,0,19,1,0,0,18,3,147.2,0,0
10/31/2023,15:03:35,-07:00,TM52919:21106,57.708,-122.886,38.9,279.3,908,0,19,1,0,0,18,3,156.3,0,0
10/31/2023,15:03:37,-07:00,TM52919:21106,57.7081,-122.886,33.5,298.9,911,0,19,1,0,0,18,3,168.5,0,0
10/31/2023,15:03:37,-07:00,TM52919:21106,57.7081,-122.886,31.2,307.1,914,0,19,1,0,0,18,3,170.5,0,0
10/31/2023,15:03:38,-07:00,TM52919:21106,57.7083,-122.886,25.4,337.1,918,0,19,1.1,0,0,18,3,169.9,0,0
10/31/2023,15:03:38,-07:00,TM52919:21106,57.7083,-122.886,24.7,342.8,918,0,19,1.1,0,0,18,3,168.9,0,0
10/31/2023,15:03:40,-07:00,TM52919:21106,57.7084,-122.886,21,18.6,920,0,19,1,0,0,18,3,159.9,0,0
10/31/2023,15:03:40,-07:00,TM52919:21106,57.7084,-122.886,20.4,24.5,921,0,19,1.1,0,0,18,3,158,0,0
10/31/2023,15:03:41,-07:00,TM52919:21106,57.7085,-122.886,20.5,54.8,920,0,19,1,0,0,18,3,145.7,0,0
10/31/2023,15:03:41,-07:00,TM52919:21106,57.7085,-122.886,20.6,58.9,920,0,19,1,0,0,18,3,143.5,0,0
10/31/2023,15:03:42,-07:00,TM52919:21106,57.7085,-122.886,24.8,76.4,918,0,19,1,0,0,18,3,128.9,0,0
10/31/2023,15:03:43,-07:00,TM52919:21106,57.7085,-122.886,27.6,81.3,915,0,19,1,0,0,18,3,120.8,0,0
10/31/2023,15:03:44,-07:00,TM52919:21106,57.7085,-122.885,33.5,89.2,912,0,19,1,0,0,18,3,102.7,0,0
10/31/2023,15:03:45,-07:00,TM52919:21106,57.7085,-122.885,37.3,93.3,908,0,19,1,0,0,18,3,86.4,0,0
10/31/2023,15:03:45,-07:00,TM52919:21106,57.7085,-122.885,38.2,93.8,908,0,19,1,0,0,18,3,82.9,0,0
10/31/2023,15:03:46,-07:00,TM52919:21106,57.7085,-122.884,41,94.8,906,0,19,1,0,0,18,3,65.4,0,0
10/31/2023,15:03:47,-07:00,TM52919:21106,57.7085,-122.884,43.2,95.9,904,0,20,1,0,0,18,3,47,0,0
10/31/2023,15:03:48,-07:00,TM52919:21106,57.7085,-122.884,44.7,98,902,0,20,1,0,0,18,3,28.6,0,0
10/31/2023,15:03:49,-07:00,TM52919:21106,57.7085,-122.884,45,98.3,902,0,20,1,0,0,18,3,24.9,0,1
10/31/2023,15:03:50,-07:00,TM52919:21106,57.7084,-122.883,45.6,98.3,901,0,20,1,0,0,18,3,6.1,1,1
10/31/2023,15:03:50,-07:00,TM52919:21106,57.7084,-122.883,45.6,98,901,1,20,1,0,0,18,3,2.3,1,1
10/31/2023,15:03:51,-07:00,TM52919:21106,57.7084,-122.883,45.6,96.3,901,1,19,1,0,0,18,3,20.7,0,1
10/31/2023,15:03:52,-07:00,TM52919:21106,57.7084,-122.882,45.2,95.1,902,1,19,1,0,0,18,3,43.9,0,1
10/31/2023,15:03:53,-07:00,TM52919:21106,57.7084,-122.882,44.6,94.2,903,1,19,1,0,0,18,3,63.2,0,1
10/31/2023,15:03:54,-07:00,TM52919:21106,57.7083,-122.881,43.8,94.3,904,1,19,1,0,0,18,3,82.1,0,1
10/31/2023,15:03:54,-07:00,TM52919:21106,57.7083,-122.881,43.7,94.5,904,1,19,1,0,0,18,3,85.8,0,1
10/31/2023,15:03:55,-07:00,TM52919:21106,57.7083,-122.881,43.1,96.1,905,1,19,1,0,0,18,3,104.1,0,1
10/31/2023,15:03:56,-07:00,TM52919:21106,57.7083,-122.881,43,96.7,905,1,19,1,0,0,18,3,107.7,0,1
10/31/2023,15:03:56,-07:00,TM52919:21106,57.7083,-122.881,42.8,97.2,907,0,19,1,0,0,18,3,111.2,0,1
10/31/2023,15:03:57,-07:00,TM52919:21106,57.7083,-122.881,41.9,100.3,909,0,19,1,0,0,18,3,128,0,1
10/31/2023,15:03:57,-07:00,TM52919:21106,57.7083,-122.88,41.7,100.6,909,0,19,1,0,0,18,3,131.3,0,0
10/31/2023,15:03:58,-07:00,TM52919:21106,57.7082,-122.88,40.1,100.9,911,0,19,1,0,0,18,3,143.9,0,0
10/31/2023,15:03:59,-07:00,TM52919:21106,57.7082,-122.88,36.7,101,915,0,19,1,0,0,18,3,161.7,0,0
10/31/2023,15:04:00,-07:00,TM52919:21106,57.7082,-122.88,33.1,104.2,919,0,19,1,0,0,18,3,174.3,0,0
10/31/2023,15:04:00,-07:00,TM52919:21106,57.7082,-122.879,32.2,105.5,919,0,19,1,0,0,18,3,176.5,0,0
10/31/2023,15:04:01,-07:00,TM52919:21106,57.7081,-122.879,25.4,121.5,923,0,19,1,0,0,18,3,185.3,0,0
10/31/2023,15:04:02,-07:00,TM52919:21106,57.7081,-122.879,24.2,125.4,923,0,19,1,0,0,18,3,186.1,0,0
10/31/2023,15:04:03,-07:00,TM52919:21106,57.708,-122.879,18.1,152.3,928,0,19,1,0,0,18,3,186.1,0,0
10/31/2023,15:04:03,-07:00,TM52919:21106,57.708,-122.879,15.9,166.3,931,0,19,1,0,0,18,3,184.7,0,0
10/31/2023,15:04:04,-07:00,TM52919:21106,57.7079,-122.879,12.9,209,932,0,19,1,0,0,18,3,177.9,0,0
10/31/2023,15:04:05,-07:00,TM52919:21106,57.7079,-122.879,13,225.7,932,0,19,1,0,0,18,3,175,0,0
10/31/2023,15:04:06,-07:00,TM52919:21106,57.7079,-122.879,17,264.3,929,0,19,1,0,0,18,3,165.5,0,0
10/31/2023,15:04:06,-07:00,TM52919:21106,57.7079,-122.879,18.9,269.9,929,0,19,1,0,0,18,3,161.9,0,0
10/31/2023,15:04:07,-07:00,TM52919:21106,57.7079,-122.88,25.8,278.6,925,0,19,1,0,0,18,3,149.6,0,0
10/31/2023,15:04:08,-07:00,TM52919:21106,57.7079,-122.88,30.4,280.6,920,0,19,1,0,0,18,3,137.5,0,0
10/31/2023,15:04:09,-07:00,TM52919:21106,57.708,-122.88,33.9,282.7,917,0,19,1,0,0,18,3,124.4,0,0
10/31/2023,15:04:10,-07:00,TM52919:21106,57.708,-122.88,34.6,283,917,0,19,1,0,0,18,3,121.6,0,0
10/31/2023,15:04:10,-07:00,TM52919:21106,57.708,-122.88,35.5,283.7,913,0,19,1,0,0,18,3,116.2,0,0
10/31/2023,15:04:10,-07:00,TM52919:21106,57.708,-122.881,36.7,284,913,0,19,1,0,0,18,3,110.5,0,1
10/31/2023,15:04:11,-07:00,TM52919:21106,57.708,-122.881,37.2,284.3,913,0,19,1,0,0,18,3,107.7,0,1
10/31/2023,15:04:11,-07:00,TM52919:21106,57.708,-122.881,37.5,284.7,911,0,19,1,0,0,18,3,104.9,0,0
10/31/2023,15:04:11,-07:00,TM52919:21106,57.7081,-122.881,38.9,284.9,911,0,19,1,0,0,18,3,96,0,0
10/31/2023,15:04:12,-07:00,TM52919:21106,57.7081,-122.881,39.4,284.6,911,0,19,1,0,0,18,3,93,0,1
10/31/2023,15:04:12,-07:00,TM52919:21106,57.7081,-122.881,39.8,284.4,908,0,19,1,0,0,18,3,89.9,0,1
10/31/2023,15:04:12,-07:00,TM52919:21106,57.7081,-122.881,40,284.1,908,1,19,1,0,0,18,3,86.8,0,1
10/31/2023,15:04:13,-07:00,TM52919:21106,57.7081,-122.881,41.3,280.9,906,1,19,1,0,0,18,3,70.5,0,1
10/31/2023,15:04:14,-07:00,TM52919:21106,57.7081,-122.882,42.3,276.7,905,1,19,1,0,0,18,3,52.9,0,1
10/31/2023,15:04:14,-07:00,TM52919:21106,57.7081,-122.882,42.7,275.5,905,1,19,1,0,0,18,3,45.4,0,1
10/31/2023,15:04:15,-07:00,TM52919:21106,57.7082,-122.882,44.1,275.2,904,1,19,1,0,0,18,3,26.6,0,1
10/31/2023,15:04:17,-07:00,TM52919:21106,57.7082,-122.883,45.4,275.5,903,1,19,1,0,0,18,3,3.5,1,1
10/31/2023,15:04:17,-07:00,TM52919:21106,57.7082,-122.883,45.6,275.1,902,1,19,1,0,0,18,3,8.2,0,1
10/31/2023,15:04:17,-07:00,TM52919:21106,57.7082,-122.883,45.5,274.9,902,0,19,1,0,0,18,3,12.1,0,1
10/31/2023,15:04:19,-07:00,TM52919:21106,57.7082,-122.884,45.3,274.3,901,0,19,1,0,0,18,3,35.6,0,1
10/31/2023,15:04:19,-07:00,TM52919:21106,57.7082,-122.884,45.3,274.2,901,0,19,1,0,0,18,3,39.5,0,1
10/31/2023,15:04:19,-07:00,TM52919:21106,57.7082,-122.884,45,274.5,901,0,19,1,0,0,18,3,43.3,0,0
10/31/2023,15:04:20,-07:00,TM52919:21106,57.7082,-122.884,44.4,275.7,902,0,19,1,0,0,18,3,62.2,0,0
10/31/2023,15:04:21,-07:00,TM52919:21106,57.7083,-122.885,43,279.1,904,0,19,1,0,0,18,3,83.5,0,0
10/31/2023,15:04:22,-07:00,TM52919:21106,57.7083,-122.885,42.6,280.7,904,0,19,1,0,0,18,3,90.2,0,0
10/31/2023,15:04:23,-07:00,TM52919:21106,57.7084,-122.885,42,286.1,905,0,19,1,0,0,18,3,105.6,0,0
10/31/2023,15:04:23,-07:00,TM52919:21106,57.7084,-122.885,41.7,291.9,907,0,19,1,0,0,18,3,116.4,0,0
10/31/2023,15:04:24,-07:00,TM52919:21106,57.7085,-122.886,42.3,300.2,909,0,19,1,0,0,18,3,127.7,0,0
10/31/2023,15:04:25,-07:00,TM52919:21106,57.7086,-122.886,43,305.4,910,0,19,1,0,0,18,3,133.3,0,0
10/31/2023,15:04:26,-07:00,TM52919:21106,57.7087,-122.886,45.1,313.5,910,0,19,1,0,0,18,3,140.5,0,0
10/31/2023,15:04:26,-07:00,TM52919:21106,57.7088,-122.886,46.2,316.9,910,0,19,1,0,0,18,3,142.6,0,0
10/31/2023,15:04:27,-07:00,TM52919:21106,57.709,-122.886,48.5,323.9,910,0,19,1,0,0,18,3,145.9,0,0
10/31/2023,15:04:28,-07:00,TM52919:21106,57.7091,-122.887,49.9,328.3,908,0,19,1.1,0,0,18,3,146.9,0,0
10/31/2023,15:04:29,-07:00,TM52919:21106,57.7093,-122.887,51.9,333.3,907,0,19,1,0,0,18,3,146,0,0
